candidate_id,disposition,verification_status,category,game_id,move_number,played_san,best_san,concept_label,canonical_concept_id,caption,lesson,issues
04695f7616d54d58,eligible_positional,pass,take_available_piece,d105fce0-f33d-4c99-b09a-0a99910c7309,38,Ba6,Bxf3,Take the concrete gain first,TAC_CHECKS_CAPTURES_THREATS,Ba6 moves the bishop to a6 and leaves that capture unused. Bxf3 takes the pawn on f3 before moving elsewhere. Bxf3 changes the material on the board immediately; Ba6 does not. Check every safe capture before choosing a quiet move; a concrete capture can matter more than slow improvement.,Check every safe capture before choosing a quiet move; a concrete capture can matter more than slow improvement.,
e324b14aecee8a63,eligible_positional,pass,rook_file,game_4cea51fcad39,21,c4,Rg1,Put the rook where pawns do not block it,MID_ROOK_OPEN_FILE,"c4 moves the pawn to c4 instead of placing the rook on the g-file. Rg1 puts the rook on g1, on the semi-open g-file. On g1 the rook has the file available; c4 leaves the rook out of that lane. When no tactic is urgent, look for an open or semi-open file for a rook.","When no tactic is urgent, look for an open or semi-open file for a rook.",
50455fe617c1a0f2,eligible_positional,pass,rook_file,game_4cea51fcad39,20,Bd4,Rad1,Put the rook where pawns do not block it,MID_ROOK_OPEN_FILE,"Bd4 moves the bishop to d4 instead of placing the rook on the d-file. Rad1 puts the rook on d1, on the semi-open d-file. On d1 the rook has the file available; Bd4 leaves the rook out of that lane. When no tactic is urgent, look for an open or semi-open file for a rook.","When no tactic is urgent, look for an open or semi-open file for a rook.",
fb1659c820cb61e3,eligible_positional,pass,create_concrete_threat,ca5488b7-33ee-4df4-ba49-2d39a740074f,54,Re1,Be5+,Make a threat with a target,TAC_CHECKS_CAPTURES_THREATS,"Re1 puts the rook on e1 without creating that attack. Be5+ puts the bishop on e5, attacking the king on g3. Be5+ gives the opponent a concrete piece to answer on g3; Re1 does not. A useful improving move should attack, defend, or create a clear next threat.","A useful improving move should attack, defend, or create a clear next threat.",
890e42321353be4a,eligible_positional,pass,take_available_piece,76f68e3f-3b76-4947-b959-eea305ecb504,46,a4,Bxb5,Take the concrete gain first,TAC_CHECKS_CAPTURES_THREATS,a4 moves the pawn to a4 and leaves that capture unused. Bxb5 takes the rook on b5 before moving elsewhere. Bxb5 changes the material on the board immediately; a4 does not. Check every safe capture before choosing a quiet move; a concrete capture can matter more than slow improvement.,Check every safe capture before choosing a quiet move; a concrete capture can matter more than slow improvement.,
f4c4e513da26a5f7,eligible_positional,pass,avoid_reply_attack,489e0172-847d-4be0-ac43-2c2e0b59cfd4,44,Kd2,b5,Do not give the reply a target,TAC_CHANGED_AFTER_MOVE,"Kd2 allows this reply: Black answers Rc8, attacking the pawn on c7. b5 changes the setup; after it, Black answers Kh1, and the continuation reaches b6. Only Kd2 lets the reply attack the piece on c7; b5 avoids that version. Before settling on a move, check whether the opponent's reply attacks a piece and forces you to respond.","Before settling on a move, check whether the opponent's reply attacks a piece and forces you to respond.",
77f4153c4d0a1af4,eligible_positional,pass,advance_passed_pawn,f1306649-f91c-4013-89d4-fa100c43dc34,51,Ra4,h4,Push the passed pawn with purpose,END_PASSED_PAWN,"Ra4 moves the rook to a4 and leaves that pawn on h5. h4 advances the passed pawn to h4, one rank closer to promotion. h4 makes the opponent answer the passed pawn sooner; Ra4 gives it no progress. In an endgame, calculate whether a passed pawn can advance safely before making a side move.","In an endgame, calculate whether a passed pawn can advance safely before making a side move.",
7f1740793472b593,eligible_positional,pass,king_recaptures_keep_pawn,efca4d05-421b-4ff7-9be8-adc964bad8b3,30,bxc3,Kxc3,Use the king and keep the pawn,END_KING_ACTIVE,"bxc3 uses the pawn from b2 for the same capture. Kxc3 uses the king from d2 to recapture on c3. Both moves capture on c3, but Kxc3 keeps the pawn on b2. When the king can recapture safely in an endgame, compare whether using it preserves your pawn structure.","When the king can recapture safely in an endgame, compare whether using it preserves your pawn structure.",
ca95638cff2c334c,eligible_positional,pass,avoid_reply_capture,448c16f4-85c5-4ee9-907e-947c0a5c9794,44,Kb4,Kd6,Check what the reply can take,TAC_CHANGED_AFTER_MOVE,"Kb4 allows this concrete reply: Black answers Rxb5+, taking the pawn on b5. Kd6 changes the position first; after it, Black answers Rd5+, checking the king from d5. Only Kb4 gives the immediate capture on b5; Kd6 avoids that version. After choosing a move, scan every opponent capture before judging the move safe.","After choosing a move, scan every opponent capture before judging the move safe.",
a279d160b5e7e4d6,eligible_positional,pass,avoid_reply_attack,game_ef33e38bbf78,33,g4,Re7,Do not give the reply a target,TAC_CHANGED_AFTER_MOVE,"g4 allows this reply: Black answers Qf7, attacking the queen on f5. Re7 changes the setup; after it, Black answers Rh7, and the continuation reaches Qe6+. Only g4 lets the reply attack the piece on f5; Re7 avoids that version. Before settling on a move, check whether the opponent's reply attacks a piece and forces you to respond.","Before settling on a move, check whether the opponent's reply attacks a piece and forces you to respond.",
bc53e6569846158e,eligible_positional,pass,take_available_piece,487febc0-d8c4-43c7-bb65-b6aca9cec181,58,f5,Rxh2,Take the concrete gain first,TAC_CHECKS_CAPTURES_THREATS,f5 moves the pawn to f5 and leaves that capture unused. Rxh2 takes the pawn on h2 before moving elsewhere. Rxh2 changes the material on the board immediately; f5 does not. Check every safe capture before choosing a quiet move; a concrete capture can matter more than slow improvement.,Check every safe capture before choosing a quiet move; a concrete capture can matter more than slow improvement.,
318c3517e620dbb9,eligible_positional,pass,avoid_forcing_check,448c16f4-85c5-4ee9-907e-947c0a5c9794,39,Rxa6,Kd3,Answer forcing moves before your plan,TAC_CHECKS_CAPTURES_THREATS,"Rxa6 allows this concrete reply: Black answers c5+, checking the king from c5. Kd3 changes the move order; after it, Black answers c5, and the continuation reaches g3. The check after Rxa6 forces a response, while Kd3 avoids that immediate check. Before starting your plan, look for the opponent's checks and deal with the forcing one first.","Before starting your plan, look for the opponent's checks and deal with the forcing one first.",
a3fad576efb9c9bd,eligible_positional,pass,rook_file,b712292f-7981-4a75-98d0-06789b017f20,16,Nd2,Re8+,Put the rook where pawns do not block it,MID_ROOK_OPEN_FILE,"Nd2 moves the knight to d2 instead of placing the rook on the e-file. Re8+ puts the rook on e8, on the open e-file. On e8 the rook has the file available; Nd2 leaves the rook out of that lane. When no tactic is urgent, look for an open or semi-open file for a rook.","When no tactic is urgent, look for an open or semi-open file for a rook.",
55fd14180be49a41,eligible_positional,pass,limit_the_reply_capture,game_da29f2ff8e27,19,Rh3,Ne4,Do not offer the larger target,TAC_CHANGED_AFTER_MOVE,"Rh3 allows the larger capture: Black answers Bxh3, taking the rook on h3. Ne4 changes what can be taken; Black answers exf4, taking the pawn on f4. After Rh3, the reply takes a rook; after Ne4, it takes only a pawn. When both moves allow a capture, choose the line that keeps the more valuable piece safe.","When both moves allow a capture, choose the line that keeps the more valuable piece safe.",
ade400ff9ed2c2a4,eligible_positional,pass,take_available_piece,f7414dfc-5e41-40db-811f-dc3658a29571,57,Ke5,Rxa5,Take the concrete gain first,TAC_CHECKS_CAPTURES_THREATS,Ke5 moves the king to e5 and leaves that capture unused. Rxa5 takes the pawn on a5 before moving elsewhere. Rxa5 changes the material on the board immediately; Ke5 does not. Check every safe capture before choosing a quiet move; a concrete capture can matter more than slow improvement.,Check every safe capture before choosing a quiet move; a concrete capture can matter more than slow improvement.,
d01278fcc81541d1,eligible_positional,pass,take_available_piece,a9f06367-e4de-4dde-b3b4-e637c4d54d22,16,Bg5,Bxd2,Take the concrete gain first,TAC_CHECKS_CAPTURES_THREATS,Bg5 moves the bishop to g5 and leaves that capture unused. Bxd2 takes the knight on d2 before moving elsewhere. Bxd2 changes the material on the board immediately; Bg5 does not. Check every safe capture before choosing a quiet move; a concrete capture can matter more than slow improvement.,Check every safe capture before choosing a quiet move; a concrete capture can matter more than slow improvement.,
1284be9458349c18,eligible_positional,pass,active_endgame_king,a9f06367-e4de-4dde-b3b4-e637c4d54d22,28,a6,Ke6,Bring the king into the endgame,END_KING_ACTIVE,"a6 puts the pawn on a6 while the king stays farther away. Ke6 brings the king from f7 toward the centre on e6. Ke6 gives the king a direct route to the pawns; a6 spends the move elsewhere. With few pieces left, activate the king before making a move that can wait.","With few pieces left, activate the king before making a move that can wait.",
3f9115b8cfa64349,eligible_positional,pass,save_attacked_piece,802b941c-4779-4990-bc9c-cf02ce64634d,28,Ra8+,Bg6,Move the attacked piece to safety,TAC_HANGING_PIECE,"Ra8+ moves the rook to a8 instead of solving that loose piece. Bg6 moves the attacked bishop from h7 to g6, where it is not attacked. Bg6 removes the immediate target; Ra8+ leaves the attacked piece available. Before starting a new plan, find every attacked piece that has no defender.","Before starting a new plan, find every attacked piece that has no defender.",
1b61842269851b45,eligible_positional,pass,forcing_check_sequence,c52fc5a0-14c5-4538-8675-2296da41047b,29,Qe3+,Qe1+,Choose the check with a follow-up,TAC_CHECKS_CAPTURES_THREATS,"Qe3+ also checks from e3, but White answers Kd1, moving from c1 to d1. Qe1+ checks from e1; after Qd1, Qxd1+ takes the queen on d1. Qe1+ connects the check to a concrete capture; Qe3+ gives check without that same follow-up. Compare checks by what they force next; a check is useful when the follow-up wins something or improves the result.",Compare checks by what they force next; a check is useful when the follow-up wins something or improves the result.,
955de2c340879672,eligible_positional,pass,avoid_forcing_check,76f68e3f-3b76-4947-b959-eea305ecb504,34,h3,Kf1,Answer forcing moves before your plan,TAC_CHECKS_CAPTURES_THREATS,"h3 allows this concrete reply: Black answers Ba5+, checking the king from a5. Kf1 changes the move order; after it, Black answers Rc8, moving from a8 to c8. The check after h3 forces a response, while Kf1 avoids that immediate check. Before starting your plan, look for the opponent's checks and deal with the forcing one first.","Before starting your plan, look for the opponent's checks and deal with the forcing one first.",
701cd12e90cd5de6,eligible_positional,pass,advance_passed_pawn,748c7dde-151c-462e-9551-9af970acdf6d,49,Kg3,f3,Push the passed pawn with purpose,END_PASSED_PAWN,"Kg3 moves the king to g3 and leaves that pawn on f4. f3 advances the passed pawn to f3, one rank closer to promotion. f3 makes the opponent answer the passed pawn sooner; Kg3 gives it no progress. In an endgame, calculate whether a passed pawn can advance safely before making a side move.","In an endgame, calculate whether a passed pawn can advance safely before making a side move.",
d34cc66c157694fd,eligible_positional,pass,take_available_piece,e15039b4-6f96-4630-8657-6d6def6b5743,34,Bd5,Rdxd7,Take the concrete gain first,TAC_CHECKS_CAPTURES_THREATS,Bd5 moves the bishop to d5 and leaves that capture unused. Rdxd7 takes the bishop on d7 before moving elsewhere. Rdxd7 changes the material on the board immediately; Bd5 does not. Check every safe capture before choosing a quiet move; a concrete capture can matter more than slow improvement.,Check every safe capture before choosing a quiet move; a concrete capture can matter more than slow improvement.,
1bfc9d17c2a88020,eligible_positional,pass,take_available_piece,13ad8b4a-ef0b-43d0-a62c-4c42c92b1512,47,Re1+,Kxg5,Take the concrete gain first,TAC_CHECKS_CAPTURES_THREATS,Re1+ moves the rook to e1 and leaves that capture unused. Kxg5 takes the rook on g5 before moving elsewhere. Kxg5 changes the material on the board immediately; Re1+ does not. Check every safe capture before choosing a quiet move; a concrete capture can matter more than slow improvement.,Check every safe capture before choosing a quiet move; a concrete capture can matter more than slow improvement.,
544d548182f16f7d,eligible_positional,pass,take_available_piece,a9f06367-e4de-4dde-b3b4-e637c4d54d22,17,Bf4,Bxd2,Take the concrete gain first,TAC_CHECKS_CAPTURES_THREATS,Bf4 moves the bishop to f4 and leaves that capture unused. Bxd2 takes the knight on d2 before moving elsewhere. Bxd2 changes the material on the board immediately; Bf4 does not. Check every safe capture before choosing a quiet move; a concrete capture can matter more than slow improvement.,Check every safe capture before choosing a quiet move; a concrete capture can matter more than slow improvement.,
2daa5b6a273702fb,eligible_positional,pass,avoid_forcing_check,76f68e3f-3b76-4947-b959-eea305ecb504,35,g4,Re6+,Answer forcing moves before your plan,TAC_CHECKS_CAPTURES_THREATS,"g4 allows this concrete reply: Black answers Ba5+, checking the king from a5. Re6+ changes the move order; after it, Black answers Kf7, attacking the rook on e6. The check after g4 forces a response, while Re6+ avoids that immediate check. Before starting your plan, look for the opponent's checks and deal with the forcing one first.","Before starting your plan, look for the opponent's checks and deal with the forcing one first.",
fc4efd2e6bf63790,eligible_positional,pass,avoid_forcing_check,a9f06367-e4de-4dde-b3b4-e637c4d54d22,27,Bh8,Rd8,Answer forcing moves before your plan,TAC_CHECKS_CAPTURES_THREATS,"Bh8 allows this concrete reply: White answers Nd6+, checking the king from d6. Rd8 changes the move order; after it, White answers Nxd4, taking the bishop on d4. The check after Bh8 forces a response, while Rd8 avoids that immediate check. Before starting your plan, look for the opponent's checks and deal with the forcing one first.","Before starting your plan, look for the opponent's checks and deal with the forcing one first.",
e38b440eca71ed75,already_decided,not_applicable,rook_file,d4781bb2-e09f-4861-aa0d-234aa4585be7,41,h5,Rf8,Put the rook where pawns do not block it,MID_ROOK_OPEN_FILE,"h5 moves the pawn to h5 instead of placing the rook on the f-file. Rf8 puts the rook on f8, on the open f-file. On f8 the rook has the file available; h5 leaves the rook out of that lane. When no tactic is urgent, look for an open or semi-open file for a rook.","When no tactic is urgent, look for an open or semi-open file for a rook.",
5c0571e7d4bef61f,eligible_positional,pass,avoid_reply_capture,38e54c48-202b-41fa-8599-9e7e53df4d0d,40,f3,Kd4,Check what the reply can take,TAC_CHANGED_AFTER_MOVE,"f3 allows this concrete reply: White answers gxf3+, taking the pawn on f3. Kd4 changes the position first; after it, White answers b5, attacking the pawn on a6. Only f3 gives the immediate capture on f3; Kd4 avoids that version. After choosing a move, scan every opponent capture before judging the move safe.","After choosing a move, scan every opponent capture before judging the move safe.",
866d3714ef0d9636,eligible_positional,pass,avoid_forcing_check,6496587b-d3ab-449e-80d8-994cd1e019d0,36,Kc7,Ke7,Answer forcing moves before your plan,TAC_CHECKS_CAPTURES_THREATS,"Kc7 allows this concrete reply: White answers Rbc6+, checking the king from c6. Ke7 changes the move order; after it, White answers Ra6, attacking the queen on a7. The check after Kc7 forces a response, while Ke7 avoids that immediate check. Before starting your plan, look for the opponent's checks and deal with the forcing one first.","Before starting your plan, look for the opponent's checks and deal with the forcing one first.",
56108f921d8a5603,eligible_positional,pass,rook_file,448c16f4-85c5-4ee9-907e-947c0a5c9794,45,Ka5,Rf6,Put the rook where pawns do not block it,MID_ROOK_OPEN_FILE,"Ka5 moves the king to a5 instead of placing the rook on the f-file. Rf6 puts the rook on f6, on the open f-file. On f6 the rook has the file available; Ka5 leaves the rook out of that lane. When no tactic is urgent, look for an open or semi-open file for a rook.","When no tactic is urgent, look for an open or semi-open file for a rook.",
5e46e00f3a1c135a,eligible_positional,pass,take_available_piece,534a6483-db1b-41e7-a473-0a702eb97545,42,c6,Nxa3,Take the concrete gain first,TAC_CHECKS_CAPTURES_THREATS,c6 moves the pawn to c6 and leaves that capture unused. Nxa3 takes the pawn on a3 before moving elsewhere. Nxa3 changes the material on the board immediately; c6 does not. Check every safe capture before choosing a quiet move; a concrete capture can matter more than slow improvement.,Check every safe capture before choosing a quiet move; a concrete capture can matter more than slow improvement.,
b809b896fef651a7,eligible_positional,pass,take_available_piece,a9f06367-e4de-4dde-b3b4-e637c4d54d22,15,Rae8,Bxd2,Take the concrete gain first,TAC_CHECKS_CAPTURES_THREATS,Rae8 moves the rook to e8 and leaves that capture unused. Bxd2 takes the knight on d2 before moving elsewhere. Bxd2 changes the material on the board immediately; Rae8 does not. Check every safe capture before choosing a quiet move; a concrete capture can matter more than slow improvement.,Check every safe capture before choosing a quiet move; a concrete capture can matter more than slow improvement.,
8a120a54a3555b92,eligible_positional,pass,rook_file,dfe99af2-e5f4-4bbc-9c52-fffd97082da3,23,Rh5,Rg5+,Put the rook where pawns do not block it,MID_ROOK_OPEN_FILE,"Rh5 moves the rook to h5 instead of placing the rook on the g-file. Rg5+ puts the rook on g5, on the semi-open g-file. On g5 the rook has the file available; Rh5 leaves the rook out of that lane. When no tactic is urgent, look for an open or semi-open file for a rook.","When no tactic is urgent, look for an open or semi-open file for a rook.",
680c5129741624be,eligible_positional,pass,avoid_reply_capture,448c16f4-85c5-4ee9-907e-947c0a5c9794,47,a4,Rh6,Check what the reply can take,TAC_CHANGED_AFTER_MOVE,"a4 allows this concrete reply: Black answers bxa4+, taking the pawn on a4. Rh6 changes the position first; after it, Black answers Rc4, attacking the pawn on g4. Only a4 gives the immediate capture on a4; Rh6 avoids that version. After choosing a move, scan every opponent capture before judging the move safe.","After choosing a move, scan every opponent capture before judging the move safe.",
139b613f3ce3afcd,eligible_positional,pass,avoid_reply_capture,game_91f51964aaf3,57,Kg4,f3,Check what the reply can take,TAC_CHANGED_AFTER_MOVE,"Kg4 allows this concrete reply: White answers Rxh3, taking the rook on h3. f3 changes the position first; after it, White answers Ra7, and the continuation reaches f2. Only Kg4 gives the immediate capture on h3; f3 avoids that version. After choosing a move, scan every opponent capture before judging the move safe.","After choosing a move, scan every opponent capture before judging the move safe.",
f2d93816bb523906,eligible_positional,pass,add_defender,d3069ed2-2563-4bbc-afac-a39f64db0742,23,Qh2,Qe5,Add a defender where it is needed,DEF_MOST_ATTACKED,"Qh2 moves the queen to h2 without adding that defender. Qe5 places the queen on e5, where it adds a defender to the bishop on f6. After Qe5, the bishop on f6 has more support; after Qh2, it does not. When one of your pieces is attacked, count its attackers and defenders before moving elsewhere.","When one of your pieces is attacked, count its attackers and defenders before moving elsewhere.",
678cf0d39e02e578,eligible_positional,pass,take_available_piece,909edd3b-90a8-41bc-80db-3592c6fa66e9,16,d4,Rxf6,Take the concrete gain first,TAC_CHECKS_CAPTURES_THREATS,d4 moves the pawn to d4 and leaves that capture unused. Rxf6 takes the bishop on f6 before moving elsewhere. Rxf6 changes the material on the board immediately; d4 does not. Check every safe capture before choosing a quiet move; a concrete capture can matter more than slow improvement.,Check every safe capture before choosing a quiet move; a concrete capture can matter more than slow improvement.,
45d1c47e14efd2af,eligible_positional,pass,take_available_piece,9b107003-1659-44e0-9941-b30a4a58c602,51,Kd7,axb4,Take the concrete gain first,TAC_CHECKS_CAPTURES_THREATS,Kd7 moves the king to d7 and leaves that capture unused. axb4 takes the pawn on b4 before moving elsewhere. axb4 changes the material on the board immediately; Kd7 does not. Check every safe capture before choosing a quiet move; a concrete capture can matter more than slow improvement.,Check every safe capture before choosing a quiet move; a concrete capture can matter more than slow improvement.,
51cce1befeee9ff9,eligible_positional,pass,centralize_piece,game_88790ea14a6d,75,Be1,Bc5,Move the piece toward the centre,,"Be1 puts the bishop on e1 instead. Bc5 moves the bishop from b4 toward the centre on c5, where it reaches g1, f2, a3. The bishop has central work from c5; Be1 uses the move on e1. When moves are quiet, prefer the piece whose new square gives it more concrete jobs.","When moves are quiet, prefer the piece whose new square gives it more concrete jobs.",
adf384b53aaf6bd7,eligible_positional,pass,take_opposition,46c2da30-e546-41ec-a351-676db354be0f,64,c4,Kc4,Make the other king move first,END_OPPOSITION,"c4 moves the pawn to c4 without creating that king standoff. Kc4 places the king on c4, two squares from the enemy king on c2. After Kc4, the kings face each other with White to move; after c4, they do not. In king endgames, try to face the enemy king with one square between them and make it move first.","In king endgames, try to face the enemy king with one square between them and make it move first.",
d89592575f9a6da1,eligible_positional,pass,take_opposition,7dfa3fc2-eca0-4409-8f10-31f8e720787c,64,Kh7,Kf7,Make the other king move first,END_OPPOSITION,"Kh7 moves the king to h7 without creating that king standoff. Kf7 places the king on f7, two squares from the enemy king on f5. After Kf7, the kings face each other with White to move; after Kh7, they do not. In king endgames, try to face the enemy king with one square between them and make it move first.","In king endgames, try to face the enemy king with one square between them and make it move first.",
15f44ce006b0a89c,eligible_positional,pass,avoid_forcing_check,4136af90-9fa9-472a-b5de-e4aefc455b35,24,Rd1,R5d6,Answer forcing moves before your plan,TAC_CHECKS_CAPTURES_THREATS,"Rd1 allows this concrete reply: White answers Qb5+, checking the king from b5. R5d6 changes the move order; after it, White answers Qc3, attacking the pawn on e5. The check after Rd1 forces a response, while R5d6 avoids that immediate check. Before starting your plan, look for the opponent's checks and deal with the forcing one first.","Before starting your plan, look for the opponent's checks and deal with the forcing one first.",
fef57212047763a7,eligible_positional,pass,rook_file,game_426f45aff6ca,26,Qa6,Rd8,Put the rook where pawns do not block it,MID_ROOK_OPEN_FILE,"Qa6 moves the queen to a6 instead of placing the rook on the d-file. Rd8 puts the rook on d8, on the semi-open d-file. On d8 the rook has the file available; Qa6 leaves the rook out of that lane. When no tactic is urgent, look for an open or semi-open file for a rook.","When no tactic is urgent, look for an open or semi-open file for a rook.",
04fd520fb10716f6,eligible_positional,pass,compare_replies,4495973f-406f-4c9d-aa47-e4f5681f3d42,65,Kg5,Kh7,Compare the reply before choosing,TAC_CHANGED_AFTER_MOVE,"Kg5 moves the king from g6 to g5; Black answers Rf6, attacking the pawn on f7. Kh7 moves the king from g6 to h7; Black answers Rf6, attacking the pawn on f7. After the same reply Rf6, Kg5 leads to f8=Q, while Kh7 leads to Kg7. Before choosing between quiet moves, calculate the opponent's strongest reply to each one.","Before choosing between quiet moves, calculate the opponent's strongest reply to each one.",
e0b30305d0eaefd1,eligible_positional,pass,compare_replies,7dfa3fc2-eca0-4409-8f10-31f8e720787c,58,Kg6,Kg7,Compare the reply before choosing,TAC_CHANGED_AFTER_MOVE,"Kg6 moves the king from h7 to g6; White answers Kg4, and the continuation reaches Kh7. Kg7 moves the king from h7 to g7; White answers Ke3, and the continuation reaches Kg6. The concrete difference is the reply after Kg6 versus the reply after Kg7. Before choosing between quiet moves, calculate the opponent's strongest reply to each one.","Before choosing between quiet moves, calculate the opponent's strongest reply to each one.",
9dd92e16078d9134,eligible_positional,pass,compare_replies,748c7dde-151c-462e-9551-9af970acdf6d,57,Qd4+,Qh4+,Compare the reply before choosing,TAC_CHANGED_AFTER_MOVE,"Qd4+ moves the queen from a4 to d4; White answers Ke7, and the continuation reaches Qb4+. Qh4+ moves the queen from a4 to h4; White answers Kc7, and the continuation reaches Qc4+. The concrete difference is the reply after Qd4+ versus the reply after Qh4+. Before choosing between quiet moves, calculate the opponent's strongest reply to each one.","Before choosing between quiet moves, calculate the opponent's strongest reply to each one.",
7a5b128ccc8dd12c,eligible_positional,pass,take_available_piece,game_214f16ba655d,25,Re1,Rxc2,Take the concrete gain first,TAC_CHECKS_CAPTURES_THREATS,Re1 moves the rook to e1 and leaves that capture unused. Rxc2 takes the rook on c2 before moving elsewhere. Rxc2 changes the material on the board immediately; Re1 does not. Check every safe capture before choosing a quiet move; a concrete capture can matter more than slow improvement.,Check every safe capture before choosing a quiet move; a concrete capture can matter more than slow improvement.,
c09389fbe16c88f3,eligible_positional,pass,compare_replies,d3cafda6-92bc-48bd-82ee-c2edf0531219,54,h6,Kh4,Compare the reply before choosing,TAC_CHANGED_AFTER_MOVE,"h6 moves the pawn from h7 to h6; White answers Rc8, and the continuation reaches Kf5. Kh4 moves the king from g5 to h4; White answers Kg7, attacking the pawn on g6. The concrete difference is the reply after h6 versus the reply after Kh4. Before choosing between quiet moves, calculate the opponent's strongest reply to each one.","Before choosing between quiet moves, calculate the opponent's strongest reply to each one.",
839f06691bf48a48,eligible_positional,pass,take_available_piece,e15039b4-6f96-4630-8657-6d6def6b5743,17,Rf7,dxe5,Take the concrete gain first,TAC_CHECKS_CAPTURES_THREATS,Rf7 moves the rook to f7 and leaves that capture unused. dxe5 takes the pawn on e5 before moving elsewhere. dxe5 changes the material on the board immediately; Rf7 does not. Check every safe capture before choosing a quiet move; a concrete capture can matter more than slow improvement.,Check every safe capture before choosing a quiet move; a concrete capture can matter more than slow improvement.,
8a99efbbfecb62de,eligible_positional,pass,avoid_forcing_check,448c16f4-85c5-4ee9-907e-947c0a5c9794,42,b5,Ra7+,Answer forcing moves before your plan,TAC_CHECKS_CAPTURES_THREATS,"b5 allows this concrete reply: Black answers Re5+, checking the king from e5. Ra7+ changes the move order; after it, Black answers Kc8, and the continuation reaches Rg7. The check after b5 forces a response, while Ra7+ avoids that immediate check. Before starting your plan, look for the opponent's checks and deal with the forcing one first.","Before starting your plan, look for the opponent's checks and deal with the forcing one first.",
f37c0ceba0074b62,eligible_positional,pass,create_concrete_threat,5cb6a8ac-0f94-4336-8a5c-212ae50b8c84,25,h3,c5,Make a threat with a target,TAC_CHECKS_CAPTURES_THREATS,"h3 puts the pawn on h3 without creating that attack. c5 puts the pawn on c5, attacking the bishop on d4. c5 gives the opponent a concrete piece to answer on d4; h3 does not. A useful improving move should attack, defend, or create a clear next threat.","A useful improving move should attack, defend, or create a clear next threat.",
8316f8fc1a82babe,eligible_positional,pass,compare_replies,game_426f45aff6ca,41,Qd7+,Bd8,Compare the reply before choosing,TAC_CHANGED_AFTER_MOVE,"Qd7+ moves the queen from e6 to d7; White answers Ka6, moving from b5 to a6. Bd8 moves the bishop from e7 to d8; White answers Kc5, and the continuation reaches Qe7+. The concrete difference is the reply after Qd7+ versus the reply after Bd8. Before choosing between quiet moves, calculate the opponent's strongest reply to each one.","Before choosing between quiet moves, calculate the opponent's strongest reply to each one.",
c2105293777e9b6f,eligible_positional,pass,king_approaches_pawn,5f7614b6-6b12-4611-9f82-3a9b0ea9a0e9,53,Kc5,Kb5,Bring the king toward the pawns,END_KING_ACTIVE,"Kc5 puts the king on c5 and leaves the king farther from that pawn. Kb5 moves the king to b5, one step closer to the pawn on a6. Kb5 shortens the king's route to a6; Kc5 does not. In a reduced position, move the king toward the pawn you need to win or stop.","In a reduced position, move the king toward the pawn you need to win or stop.",
530dcc58be1aec4c,eligible_positional,pass,forcing_check_sequence,3dac664d-3e16-45b9-a218-1555d9f6ebd3,27,Nf7+,Ng6+,Choose the check with a follow-up,TAC_CHECKS_CAPTURES_THREATS,"Nf7+ also checks from f7, but Black answers Kg8, attacking the knight on f7. Ng6+ checks from g6; after Kh7, Nxe7 takes the bishop on e7. Ng6+ connects the check to a concrete capture; Nf7+ gives check without that same follow-up. Compare checks by what they force next; a check is useful when the follow-up wins something or improves the result.",Compare checks by what they force next; a check is useful when the follow-up wins something or improves the result.,
0c80a7f0596c5b21,eligible_positional,pass,avoid_reply_capture,game_91f51964aaf3,55,a2,Ke2,Check what the reply can take,TAC_CHANGED_AFTER_MOVE,"a2 allows this concrete reply: White answers Rxa2+, taking the pawn on a2. Ke2 changes the position first; after it, White answers Kd4, and the continuation reaches f3. Only a2 gives the immediate capture on a2; Ke2 avoids that version. After choosing a move, scan every opponent capture before judging the move safe.","After choosing a move, scan every opponent capture before judging the move safe.",
e8c87778ffe54998,eligible_positional,pass,avoid_reply_attack,0c228eaf-4a22-4f39-a456-1a15312ff03e,57,Rd3,Ra6,Do not give the reply a target,TAC_CHANGED_AFTER_MOVE,"Rd3 allows this reply: White answers Kc4, attacking the rook on d3. Ra6 changes the setup; after it, White answers d5, and the continuation reaches Ke5. Only Rd3 lets the reply attack the piece on d3; Ra6 avoids that version. Before settling on a move, check whether the opponent's reply attacks a piece and forces you to respond.","Before settling on a move, check whether the opponent's reply attacks a piece and forces you to respond.",
ac7ce0645f2488dd,eligible_positional,pass,avoid_forcing_check,448c16f4-85c5-4ee9-907e-947c0a5c9794,46,h4,Rb6+,Answer forcing moves before your plan,TAC_CHECKS_CAPTURES_THREATS,"h4 allows this concrete reply: Black answers b4+, checking the king from b4. Rb6+ changes the move order; after it, Black answers Kc7, attacking the rook on b6. The check after h4 forces a response, while Rb6+ avoids that immediate check. Before starting your plan, look for the opponent's checks and deal with the forcing one first.","Before starting your plan, look for the opponent's checks and deal with the forcing one first.",
432aa819cfeeb37e,eligible_positional,pass,advance_endgame_pawn,38e54c48-202b-41fa-8599-9e7e53df4d0d,34,h5,a5,Make progress in the pawn race,,"h5 moves the pawn to h5 while that pawn stays on a6. a5 advances the pawn from a6 to a5, one rank closer to promotion. a5 gains one step in the pawn race; h5 spends the move elsewhere. In a pawn ending, count both sides' moves to promotion before spending a move on the king or another pawn.","In a pawn ending, count both sides' moves to promotion before spending a move on the king or another pawn.",
c0d5906bc0221977,eligible_positional,pass,avoid_reply_attack,13ad8b4a-ef0b-43d0-a62c-4c42c92b1512,37,Rg2+,Rd1+,Do not give the reply a target,TAC_CHANGED_AFTER_MOVE,"Rg2+ allows this reply: White answers Kf1, attacking the rook on g2. Rd1+ changes the setup; after it, White answers Kf2, and the continuation reaches Nd4. Only Rg2+ lets the reply attack the piece on g2; Rd1+ avoids that version. Before settling on a move, check whether the opponent's reply attacks a piece and forces you to respond.","Before settling on a move, check whether the opponent's reply attacks a piece and forces you to respond.",
cbbf9ba1fc47d86a,eligible_positional,pass,avoid_forcing_check,game_3b4054fc35c2,21,Rf8,Be6,Answer forcing moves before your plan,TAC_CHECKS_CAPTURES_THREATS,"Rf8 allows this concrete reply: White answers Bg7+, checking the king from g7. Be6 changes the move order; after it, White answers Bxc7, taking the pawn on c7. The check after Rf8 forces a response, while Be6 avoids that immediate check. Before starting your plan, look for the opponent's checks and deal with the forcing one first.","Before starting your plan, look for the opponent's checks and deal with the forcing one first.",
c6eb0d59a3573ca1,eligible_positional,pass,advance_passed_pawn,game_408d93aae9db,51,Ra3,b3,Push the passed pawn with purpose,END_PASSED_PAWN,"Ra3 moves the rook to a3 and leaves that pawn on b4. b3 advances the passed pawn to b3, one rank closer to promotion. b3 makes the opponent answer the passed pawn sooner; Ra3 gives it no progress. In an endgame, calculate whether a passed pawn can advance safely before making a side move.","In an endgame, calculate whether a passed pawn can advance safely before making a side move.",
fe8aabcb0595c9f1,eligible_positional,pass,take_available_piece,game_88790ea14a6d,73,Kg6,Bxb4,Take the concrete gain first,TAC_CHECKS_CAPTURES_THREATS,Kg6 moves the king to g6 and leaves that capture unused. Bxb4 takes the pawn on b4 before moving elsewhere. Bxb4 changes the material on the board immediately; Kg6 does not. Check every safe capture before choosing a quiet move; a concrete capture can matter more than slow improvement.,Check every safe capture before choosing a quiet move; a concrete capture can matter more than slow improvement.,
3758993751d0a0c4,eligible_positional,pass,advance_endgame_pawn,534a6483-db1b-41e7-a473-0a702eb97545,53,Nc6+,b5,Make progress in the pawn race,,"Nc6+ moves the knight to c6 while that pawn stays on b7. b5 advances the pawn from b7 to b5, one rank closer to promotion. b5 gains one step in the pawn race; Nc6+ spends the move elsewhere. In a pawn ending, count both sides' moves to promotion before spending a move on the king or another pawn.","In a pawn ending, count both sides' moves to promotion before spending a move on the king or another pawn.",
da1415dd8bfcda58,eligible_positional,pass,rook_file,448c16f4-85c5-4ee9-907e-947c0a5c9794,28,Rf7,Rf8+,Put the rook where pawns do not block it,MID_ROOK_OPEN_FILE,"Rf7 moves the rook to f7 instead of placing the rook on the f-file. Rf8+ puts the rook on f8, on the open f-file. On f8 the rook has the file available; Rf7 leaves the rook out of that lane. When no tactic is urgent, look for an open or semi-open file for a rook.","When no tactic is urgent, look for an open or semi-open file for a rook.",
41d1498a2c75e739,eligible_positional,pass,active_endgame_king,4495973f-406f-4c9d-aa47-e4f5681f3d42,55,f5,Kd4,Bring the king into the endgame,END_KING_ACTIVE,"f5 puts the pawn on f5 while the king stays farther away. Kd4 brings the king from e3 toward the centre on d4. Kd4 gives the king a direct route to the pawns; f5 spends the move elsewhere. With few pieces left, activate the king before making a move that can wait.","With few pieces left, activate the king before making a move that can wait.",
6f46afea53d44c06,eligible_positional,pass,compare_replies,d3069ed2-2563-4bbc-afac-a39f64db0742,20,Qc4+,Bf6,Compare the reply before choosing,TAC_CHANGED_AFTER_MOVE,"Qc4+ moves the queen from c7 to c4; White answers Qd3, attacking the queen on c4. Bf6 moves the bishop from e5 to f6; White answers Bf4, attacking the queen on c7. The concrete difference is the reply after Qc4+ versus the reply after Bf6. Before choosing between quiet moves, calculate the opponent's strongest reply to each one.","Before choosing between quiet moves, calculate the opponent's strongest reply to each one.",
2ccca58928f8fb65,eligible_positional,pass,avoid_forcing_check,2f1814b7-be79-4478-8450-ec731e27f2a8,38,a5,Bf5+,Answer forcing moves before your plan,TAC_CHECKS_CAPTURES_THREATS,"a5 allows this concrete reply: White answers Rd6+, checking the king from d6. Bf5+ changes the move order; after it, White answers Kg7, and the continuation reaches Bxh7. The check after a5 forces a response, while Bf5+ avoids that immediate check. Before starting your plan, look for the opponent's checks and deal with the forcing one first.","Before starting your plan, look for the opponent's checks and deal with the forcing one first.",
8877049fb8d8ede1,not_mistake,not_applicable,avoid_forcing_check,be8ed105-1c2c-4290-819d-050f86af5413,33,Kg7,Rb2,Answer forcing moves before your plan,TAC_CHECKS_CAPTURES_THREATS,"Kg7 allows this concrete reply: White answers Qc3+, checking the king from c3. Rb2 changes the move order; after it, White answers Qd4, attacking the rook on b2. The check after Kg7 forces a response, while Rb2 avoids that immediate check. Before starting your plan, look for the opponent's checks and deal with the forcing one first.","Before starting your plan, look for the opponent's checks and deal with the forcing one first.",
8056eb8810d5b030,eligible_positional,pass,avoid_reply_attack,game_bc41022831e0,30,Rf1,Rc6,Do not give the reply a target,TAC_CHANGED_AFTER_MOVE,"Rf1 allows this reply: Black answers Ra8, attacking the pawn on a7. Rc6 changes the setup; after it, Black answers Qxa7, taking the pawn on a7. Only Rf1 lets the reply attack the piece on a7; Rc6 avoids that version. Before settling on a move, check whether the opponent's reply attacks a piece and forces you to respond.","Before settling on a move, check whether the opponent's reply attacks a piece and forces you to respond.",
ff677c021122d441,not_mistake,not_applicable,advance_endgame_pawn,be8ed105-1c2c-4290-819d-050f86af5413,35,a4,h5,Make progress in the pawn race,,"a4 moves the pawn to a4 while that pawn stays on h6. h5 advances the pawn from h6 to h5, one rank closer to promotion. h5 gains one step in the pawn race; a4 spends the move elsewhere. In a pawn ending, count both sides' moves to promotion before spending a move on the king or another pawn.","In a pawn ending, count both sides' moves to promotion before spending a move on the king or another pawn.",
dba7e0bd0776d9f6,eligible_positional,pass,avoid_reply_capture,fb9e6800-24bc-468d-8aa4-9e332120f1f4,23,Rd5,Rd2,Check what the reply can take,TAC_CHANGED_AFTER_MOVE,"Rd5 allows this concrete reply: White answers Nxd5, taking the rook on d5. Rd2 changes the position first; after it, White answers b3, and the continuation reaches Bc6. Only Rd5 gives the immediate capture on d5; Rd2 avoids that version. After choosing a move, scan every opponent capture before judging the move safe.","After choosing a move, scan every opponent capture before judging the move safe.",
4023f4d0b27522ae,not_mistake,not_applicable,avoid_reply_capture,d105fce0-f33d-4c99-b09a-0a99910c7309,20,Bd2,Kg2,Check what the reply can take,TAC_CHANGED_AFTER_MOVE,"Bd2 allows this concrete reply: Black answers Rxe4, taking the bishop on e4. Kg2 changes the position first; after it, Black answers f5, attacking the bishop on e4. Only Bd2 gives the immediate capture on e4; Kg2 avoids that version. After choosing a move, scan every opponent capture before judging the move safe.","After choosing a move, scan every opponent capture before judging the move safe.",
c1d455ded8d70841,eligible_positional,pass,avoid_forcing_check,game_f9ba3e9a519b,61,d3,Qd5,Answer forcing moves before your plan,TAC_CHECKS_CAPTURES_THREATS,"d3 allows this concrete reply: White answers Qh8+, checking the king from h8. Qd5 changes the move order; after it, White answers Qf6, attacking the bishop on e6. The check after d3 forces a response, while Qd5 avoids that immediate check. Before starting your plan, look for the opponent's checks and deal with the forcing one first.","Before starting your plan, look for the opponent's checks and deal with the forcing one first.",
91747f408a8dd795,eligible_positional,pass,avoid_reply_attack,game_e8e5b92bfa6f,21,Rc6,h5,Do not give the reply a target,TAC_CHANGED_AFTER_MOVE,"Rc6 allows this reply: White answers Bg2, attacking the queen on f3. h5 changes the setup; after it, White answers gxh5, taking the pawn on h5. Only Rc6 lets the reply attack the piece on f3; h5 avoids that version. Before settling on a move, check whether the opponent's reply attacks a piece and forces you to respond.","Before settling on a move, check whether the opponent's reply attacks a piece and forces you to respond.",
618b6ffb72ac637b,eligible_positional,pass,take_available_piece,game_6b3dd922bdb4,38,Rd1,Rxe2,Take the concrete gain first,TAC_CHECKS_CAPTURES_THREATS,Rd1 moves the rook to d1 and leaves that capture unused. Rxe2 takes the rook on e2 before moving elsewhere. Rxe2 changes the material on the board immediately; Rd1 does not. Check every safe capture before choosing a quiet move; a concrete capture can matter more than slow improvement.,Check every safe capture before choosing a quiet move; a concrete capture can matter more than slow improvement.,
799a2e413ccef28e,eligible_positional,pass,avoid_reply_attack,d3cafda6-92bc-48bd-82ee-c2edf0531219,50,Rf5+,g5,Do not give the reply a target,TAC_CHANGED_AFTER_MOVE,"Rf5+ allows this reply: White answers Ke6, attacking the rook on f5. g5 changes the setup; after it, White answers Rc1, and the continuation reaches Kh6. Only Rf5+ lets the reply attack the piece on f5; g5 avoids that version. Before settling on a move, check whether the opponent's reply attacks a piece and forces you to respond.","Before settling on a move, check whether the opponent's reply attacks a piece and forces you to respond.",
da83f971da13c798,eligible_positional,pass,advance_endgame_pawn,0c228eaf-4a22-4f39-a456-1a15312ff03e,49,Ra6,e5,Make progress in the pawn race,,"Ra6 moves the rook to a6 while that pawn stays on e6. e5 advances the pawn from e6 to e5, one rank closer to promotion. e5 gains one step in the pawn race; Ra6 spends the move elsewhere. In a pawn ending, count both sides' moves to promotion before spending a move on the king or another pawn.","In a pawn ending, count both sides' moves to promotion before spending a move on the king or another pawn.",
1449c17feed2a010,eligible_positional,pass,avoid_reply_attack,80ef39ca-27e5-4c13-a9d9-471c41051e58,36,Kc5,f6,Do not give the reply a target,TAC_CHANGED_AFTER_MOVE,"Kc5 allows this reply: White answers Rc3, attacking the rook on c4. f6 changes the setup; after it, White answers Ka2, and the continuation reaches Rd4. Only Kc5 lets the reply attack the piece on c4; f6 avoids that version. Before settling on a move, check whether the opponent's reply attacks a piece and forces you to respond.","Before settling on a move, check whether the opponent's reply attacks a piece and forces you to respond.",
19633200e0b5cb2d,eligible_positional,pass,add_defender,game_8e1294767490,19,hxg3,Qxg3,Add a defender where it is needed,DEF_MOST_ATTACKED,"hxg3 moves the pawn to g3 without adding that defender. Qxg3 places the queen on g3, where it adds a defender to the pawn on h2. After Qxg3, the pawn on h2 has more support; after hxg3, it does not. When one of your pieces is attacked, count its attackers and defenders before moving elsewhere.","When one of your pieces is attacked, count its attackers and defenders before moving elsewhere.",
83e5c4c7f975b26c,eligible_positional,pass,take_available_piece,80ef39ca-27e5-4c13-a9d9-471c41051e58,22,b6,Bxf5,Take the concrete gain first,TAC_CHECKS_CAPTURES_THREATS,b6 moves the pawn to b6 and leaves that capture unused. Bxf5 takes the pawn on f5 before moving elsewhere. Bxf5 changes the material on the board immediately; b6 does not. Check every safe capture before choosing a quiet move; a concrete capture can matter more than slow improvement.,Check every safe capture before choosing a quiet move; a concrete capture can matter more than slow improvement.,
c7d2f3f0ee4ee47d,eligible_positional,pass,avoid_reply_attack,game_e8e5b92bfa6f,22,Re3,Qf6+,Do not give the reply a target,TAC_CHANGED_AFTER_MOVE,"Re3 allows this reply: White answers h5, attacking the bishop on g6. Qf6+ changes the setup; after it, White answers Ka2, and the continuation reaches Qxh4. Only Re3 lets the reply attack the piece on g6; Qf6+ avoids that version. Before settling on a move, check whether the opponent's reply attacks a piece and forces you to respond.","Before settling on a move, check whether the opponent's reply attacks a piece and forces you to respond.",
ecc86d402b43df5d,eligible_positional,pass,limit_the_reply_capture,eb050e67-c664-412a-a24e-a3dd4537cb91,44,Rxf5,Rxc5,Do not offer the larger target,TAC_CHANGED_AFTER_MOVE,"Rxf5 allows the larger capture: White answers Rxf5, taking the rook on f5. Rxc5 changes what can be taken; White answers cxb5, taking the pawn on b5. After Rxf5, the reply takes a rook; after Rxc5, it takes only a pawn. When both moves allow a capture, choose the line that keeps the more valuable piece safe.","When both moves allow a capture, choose the line that keeps the more valuable piece safe.",
3dd4fa9b072e3f27,eligible_positional,pass,create_concrete_threat,802b941c-4779-4990-bc9c-cf02ce64634d,14,Qxg7,Bb5,Make a threat with a target,TAC_CHECKS_CAPTURES_THREATS,"Qxg7 puts the queen on g7 without creating that attack. Bb5 puts the bishop on b5, attacking the knight on c6. Bb5 gives the opponent a concrete piece to answer on c6; Qxg7 does not. A useful improving move should attack, defend, or create a clear next threat.","A useful improving move should attack, defend, or create a clear next threat.",
da761dd86db51f58,eligible_positional,pass,advance_passed_pawn,game_408d93aae9db,54,Kd3,b3,Push the passed pawn with purpose,END_PASSED_PAWN,"Kd3 moves the king to d3 and leaves that pawn on b4. b3 advances the passed pawn to b3, one rank closer to promotion. b3 makes the opponent answer the passed pawn sooner; Kd3 gives it no progress. In an endgame, calculate whether a passed pawn can advance safely before making a side move.","In an endgame, calculate whether a passed pawn can advance safely before making a side move.",
dec00cb959af46d1,eligible_positional,pass,take_available_piece,game_3b4054fc35c2,26,Ke8,Bxd1,Take the concrete gain first,TAC_CHECKS_CAPTURES_THREATS,Ke8 moves the king to e8 and leaves that capture unused. Bxd1 takes the rook on d1 before moving elsewhere. Bxd1 changes the material on the board immediately; Ke8 does not. Check every safe capture before choosing a quiet move; a concrete capture can matter more than slow improvement.,Check every safe capture before choosing a quiet move; a concrete capture can matter more than slow improvement.,
77bc1520033160f3,eligible_positional,pass,add_defender,8f150577-d2ee-4838-8b7a-3ffb562fe070,31,Rxf7,Be4,Add a defender where it is needed,DEF_MOST_ATTACKED,"Rxf7 moves the rook to f7 without adding that defender. Be4 places the bishop on e4, where it adds a defender to the pawn on d3. After Be4, the pawn on d3 has more support; after Rxf7, it does not. When one of your pieces is attacked, count its attackers and defenders before moving elsewhere.","When one of your pieces is attacked, count its attackers and defenders before moving elsewhere.",
c406ed43345f5b64,eligible_positional,pass,avoid_reply_attack,1082e4b8-5ac8-416c-b8b8-6533321f2819,30,Rxa3,Kh7,Do not give the reply a target,TAC_CHANGED_AFTER_MOVE,"Rxa3 allows this reply: White answers Rd7, attacking the pawn on g7. Kh7 changes the setup; after it, White answers h5, and the continuation reaches Ra7. Only Rxa3 lets the reply attack the piece on g7; Kh7 avoids that version. Before settling on a move, check whether the opponent's reply attacks a piece and forces you to respond.","Before settling on a move, check whether the opponent's reply attacks a piece and forces you to respond.",
0857ae07ca390658,eligible_positional,pass,king_approaches_pawn,game_91f51964aaf3,49,f4,Kf4,Bring the king toward the pawns,END_KING_ACTIVE,"f4 puts the pawn on f4 and leaves the king farther from that pawn. Kf4 moves the king to f4, one step closer to the pawn on f5. Kf4 shortens the king's route to f5; f4 does not. In a reduced position, move the king toward the pawn you need to win or stop.","In a reduced position, move the king toward the pawn you need to win or stop.",
e61f6104973a3dab,eligible_positional,pass,take_available_piece,game_ef33e38bbf78,34,Re6,Qxf7+,Take the concrete gain first,TAC_CHECKS_CAPTURES_THREATS,Re6 moves the rook to e6 and leaves that capture unused. Qxf7+ takes the queen on f7 before moving elsewhere. Qxf7+ changes the material on the board immediately; Re6 does not. Check every safe capture before choosing a quiet move; a concrete capture can matter more than slow improvement.,Check every safe capture before choosing a quiet move; a concrete capture can matter more than slow improvement.,
125a8303bf24c430,eligible_positional,pass,limit_the_reply_capture,e15039b4-6f96-4630-8657-6d6def6b5743,45,Rf4,c5,Do not offer the larger target,TAC_CHANGED_AFTER_MOVE,"Rf4 allows the larger capture: White answers Rxf4, taking the rook on f4. c5 changes what can be taken; White answers Rxc4, taking the pawn on c4. After Rf4, the reply takes a rook; after c5, it takes only a pawn. When both moves allow a capture, choose the line that keeps the more valuable piece safe.","When both moves allow a capture, choose the line that keeps the more valuable piece safe.",
d8bd124a52f3414b,eligible_positional,pass,create_concrete_threat,game_5da7dc72d514,23,Rc7,Qc7,Make a threat with a target,TAC_CHECKS_CAPTURES_THREATS,"Rc7 puts the rook on c7 without creating that attack. Qc7 puts the queen on c7, attacking the queen on f4. Qc7 gives the opponent a concrete piece to answer on f4; Rc7 does not. A useful improving move should attack, defend, or create a clear next threat.","A useful improving move should attack, defend, or create a clear next threat.",
b8b8e263927a7e3f,eligible_positional,pass,compare_replies,4136af90-9fa9-472a-b5de-e4aefc455b35,20,Bd5,Rhe8,Compare the reply before choosing,TAC_CHANGED_AFTER_MOVE,"Bd5 moves the bishop from c4 to d5; White answers g3, attacking the queen on f4. Rhe8 moves the rook from h8 to e8; White answers Qa3, attacking the pawn on a7. The concrete difference is the reply after Bd5 versus the reply after Rhe8. Before choosing between quiet moves, calculate the opponent's strongest reply to each one.","Before choosing between quiet moves, calculate the opponent's strongest reply to each one.",
605cbc4f23961a56,eligible_positional,pass,create_concrete_threat,5cb6a8ac-0f94-4336-8a5c-212ae50b8c84,22,Bf4,c5,Make a threat with a target,TAC_CHECKS_CAPTURES_THREATS,"Bf4 puts the bishop on f4 without creating that attack. c5 puts the pawn on c5, attacking the bishop on d4. c5 gives the opponent a concrete piece to answer on d4; Bf4 does not. A useful improving move should attack, defend, or create a clear next threat.","A useful improving move should attack, defend, or create a clear next threat.",
cdbb0a352c048e83,eligible_positional,pass,take_available_piece,4136af90-9fa9-472a-b5de-e4aefc455b35,22,Rhd8,fxe6,Take the concrete gain first,TAC_CHECKS_CAPTURES_THREATS,Rhd8 moves the rook to d8 and leaves that capture unused. fxe6 takes the queen on e6 before moving elsewhere. fxe6 changes the material on the board immediately; Rhd8 does not. Check every safe capture before choosing a quiet move; a concrete capture can matter more than slow improvement.,Check every safe capture before choosing a quiet move; a concrete capture can matter more than slow improvement.,
4ef032ae4a2e4a6a,eligible_positional,pass,rook_file,487febc0-d8c4-43c7-bb65-b6aca9cec181,57,Rc2,Rh1,Put the rook where pawns do not block it,MID_ROOK_OPEN_FILE,"Rc2 moves the rook to c2 instead of placing the rook on the h-file. Rh1 puts the rook on h1, on the semi-open h-file. On h1 the rook has the file available; Rc2 leaves the rook out of that lane. When no tactic is urgent, look for an open or semi-open file for a rook.","When no tactic is urgent, look for an open or semi-open file for a rook.",
5569802e2753b705,eligible_positional,pass,activate_rook,game_91f51964aaf3,50,Kf2,Ra2,Give the rook more squares,,"Kf2 moves the king to f2 and leaves the rook on a4. Ra2 moves the rook to a2, where it can reach a1, b2, c2. The rook has more usable squares after Ra2; Kf2 leaves its old limits in place. For a quiet rook move, count the open squares it gains from the new rank or file.","For a quiet rook move, count the open squares it gains from the new rank or file.",
349742fe135c4b0a,not_mistake,not_applicable,avoid_reply_attack,76f68e3f-3b76-4947-b959-eea305ecb504,40,Rd2,Rc5,Do not give the reply a target,TAC_CHANGED_AFTER_MOVE,"Rd2 allows this reply: Black answers Bc3, attacking the rook on d2. Rc5 changes the setup; after it, Black answers c3, and the continuation reaches Kf2. Only Rd2 lets the reply attack the piece on d2; Rc5 avoids that version. Before settling on a move, check whether the opponent's reply attacks a piece and forces you to respond.","Before settling on a move, check whether the opponent's reply attacks a piece and forces you to respond.",
125a8303bf24c430,eligible_positional,pass,limit_the_reply_capture,e15039b4-6f96-4630-8657-6d6def6b5743,43,Rf4,c5,Do not offer the larger target,TAC_CHANGED_AFTER_MOVE,"Rf4 allows the larger capture: White answers Rxf4, taking the rook on f4. c5 changes what can be taken; White answers Rxc4, taking the pawn on c4. After Rf4, the reply takes a rook; after c5, it takes only a pawn. When both moves allow a capture, choose the line that keeps the more valuable piece safe.","When both moves allow a capture, choose the line that keeps the more valuable piece safe.",
3013104e6608873c,eligible_positional,pass,take_available_piece,a9f06367-e4de-4dde-b3b4-e637c4d54d22,19,Kf8,Bxh6,Take the concrete gain first,TAC_CHECKS_CAPTURES_THREATS,Kf8 moves the king to f8 and leaves that capture unused. Bxh6 takes the knight on h6 before moving elsewhere. Bxh6 changes the material on the board immediately; Kf8 does not. Check every safe capture before choosing a quiet move; a concrete capture can matter more than slow improvement.,Check every safe capture before choosing a quiet move; a concrete capture can matter more than slow improvement.,
bfeb4894e6ac7350,eligible_positional,pass,take_available_piece,eb050e67-c664-412a-a24e-a3dd4537cb91,42,Kg3,Rxc5,Take the concrete gain first,TAC_CHECKS_CAPTURES_THREATS,Kg3 moves the king to g3 and leaves that capture unused. Rxc5 takes the pawn on c5 before moving elsewhere. Rxc5 changes the material on the board immediately; Kg3 does not. Check every safe capture before choosing a quiet move; a concrete capture can matter more than slow improvement.,Check every safe capture before choosing a quiet move; a concrete capture can matter more than slow improvement.,
7fc31be9b2e4c201,eligible_positional,pass,avoid_reply_attack,game_dbb7db5a44d1,35,Bb7,Kf8,Do not give the reply a target,TAC_CHANGED_AFTER_MOVE,"Bb7 allows this reply: White answers c6, attacking the bishop on b7. Kf8 changes the setup; after it, White answers c6, and the continuation reaches Rfd2. Only Bb7 lets the reply attack the piece on b7; Kf8 avoids that version. Before settling on a move, check whether the opponent's reply attacks a piece and forces you to respond.","Before settling on a move, check whether the opponent's reply attacks a piece and forces you to respond.",
a415037645fe50cc,eligible_positional,pass,avoid_forcing_check,448c16f4-85c5-4ee9-907e-947c0a5c9794,40,Kc5,Kd3,Answer forcing moves before your plan,TAC_CHECKS_CAPTURES_THREATS,"Kc5 allows this concrete reply: Black answers Re5+, checking the king from e5. Kd3 changes the move order; after it, Black answers Re1, and the continuation reaches Ra4. The check after Kc5 forces a response, while Kd3 avoids that immediate check. Before starting your plan, look for the opponent's checks and deal with the forcing one first.","Before starting your plan, look for the opponent's checks and deal with the forcing one first.",
76c0e549b03fd85d,eligible_positional,pass,avoid_reply_capture,2c32f758-a724-4e68-8087-c48c93da0173,28,Rb7,Be2,Check what the reply can take,TAC_CHANGED_AFTER_MOVE,"Rb7 allows this concrete reply: Black answers Rxb7, taking the rook on b7. Be2 changes the position first; after it, Black answers Kg7, and the continuation reaches Ra5. Only Rb7 gives the immediate capture on b7; Be2 avoids that version. After choosing a move, scan every opponent capture before judging the move safe.","After choosing a move, scan every opponent capture before judging the move safe.",
a7e231e7e6211b0a,eligible_positional,pass,avoid_reply_capture,game_426f45aff6ca,32,Bg5,Bh4+,Check what the reply can take,TAC_CHANGED_AFTER_MOVE,"Bg5 allows this concrete reply: White answers Rxa7, taking the pawn on a7. Bh4+ changes the position first; after it, White answers g3, attacking the bishop on h4. Only Bg5 gives the immediate capture on a7; Bh4+ avoids that version. After choosing a move, scan every opponent capture before judging the move safe.","After choosing a move, scan every opponent capture before judging the move safe.",
90bd5955d8108d4c,eligible_positional,pass,compare_replies,ed042610-caf8-4e71-b81b-9fa7239fcb07,18,Rfd1,Qe2,Compare the reply before choosing,TAC_CHANGED_AFTER_MOVE,"Rfd1 moves the rook from f1 to d1; Black answers Ne5, attacking the queen on f3. Qe2 moves the queen from f3 to e2; Black answers Ne5, attacking the rook on d3. After the same reply Ne5, Rfd1 leads to Qf1, while Qe2 leads to Na4. Before choosing between quiet moves, calculate the opponent's strongest reply to each one.","Before choosing between quiet moves, calculate the opponent's strongest reply to each one.",
27762ecce9d8bca5,eligible_positional,pass,create_concrete_threat,game_6b3dd922bdb4,31,Nc5,c4,Make a threat with a target,TAC_CHECKS_CAPTURES_THREATS,"Nc5 puts the knight on c5 without creating that attack. c4 puts the pawn on c4, attacking the rook on d5. c4 gives the opponent a concrete piece to answer on d5; Nc5 does not. A useful improving move should attack, defend, or create a clear next threat.","A useful improving move should attack, defend, or create a clear next threat.",
dcb79c19371dbbb0,eligible_positional,pass,avoid_reply_capture,fa707fe8-23d3-489b-9b5e-167de0c3a06e,53,e5,Ke7,Check what the reply can take,TAC_CHANGED_AFTER_MOVE,"e5 allows this concrete reply: White answers fxe5+, taking the pawn on e5. Ke7 changes the position first; after it, White answers Nd4, attacking the pawn on f5. Only e5 gives the immediate capture on e5; Ke7 avoids that version. After choosing a move, scan every opponent capture before judging the move safe.","After choosing a move, scan every opponent capture before judging the move safe.",
27e313329c835ad4,eligible_positional,pass,avoid_reply_attack,38e54c48-202b-41fa-8599-9e7e53df4d0d,33,f4+,a5,Do not give the reply a target,TAC_CHANGED_AFTER_MOVE,"f4+ allows this reply: White answers Ke4, attacking the pawn on f4. a5 changes the setup; after it, White answers c3, and the continuation reaches Kd5. Only f4+ lets the reply attack the piece on f4; a5 avoids that version. Before settling on a move, check whether the opponent's reply attacks a piece and forces you to respond.","Before settling on a move, check whether the opponent's reply attacks a piece and forces you to respond.",
095707fe0f6742c9,eligible_positional,pass,avoid_reply_capture,game_7ed31de4e663,27,Qe3,h3,Check what the reply can take,TAC_CHANGED_AFTER_MOVE,"Qe3 allows this concrete reply: Black answers Qxg4+, taking the pawn on g4. h3 changes the position first; after it, Black answers Qa4, attacking the knight on b3. Only Qe3 gives the immediate capture on g4; h3 avoids that version. After choosing a move, scan every opponent capture before judging the move safe.","After choosing a move, scan every opponent capture before judging the move safe.",
aca9169c6bd27b24,eligible_positional,pass,take_available_piece,448c16f4-85c5-4ee9-907e-947c0a5c9794,33,Ke4,Rxb7,Take the concrete gain first,TAC_CHECKS_CAPTURES_THREATS,Ke4 moves the king to e4 and leaves that capture unused. Rxb7 takes the pawn on b7 before moving elsewhere. Rxb7 changes the material on the board immediately; Ke4 does not. Check every safe capture before choosing a quiet move; a concrete capture can matter more than slow improvement.,Check every safe capture before choosing a quiet move; a concrete capture can matter more than slow improvement.,
275b2e4c83980197,eligible_positional,pass,avoid_forcing_check,game_85895e9e9312,18,Ng5,Bf4+,Answer forcing moves before your plan,TAC_CHECKS_CAPTURES_THREATS,"Ng5 allows this concrete reply: Black answers Bg4+, checking the king from g4. Bf4+ changes the move order; after it, Black answers Kd7, and the continuation reaches Kd2. The check after Ng5 forces a response, while Bf4+ avoids that immediate check. Before starting your plan, look for the opponent's checks and deal with the forcing one first.","Before starting your plan, look for the opponent's checks and deal with the forcing one first.",
6af9611b21b741db,eligible_positional,pass,avoid_reply_capture,13ad8b4a-ef0b-43d0-a62c-4c42c92b1512,30,Nd3,Ne4,Check what the reply can take,TAC_CHANGED_AFTER_MOVE,"Nd3 allows this concrete reply: White answers Nxd3, taking the knight on d3. Ne4 changes the position first; after it, White answers Ra5, attacking the bishop on b5. Only Nd3 gives the immediate capture on d3; Ne4 avoids that version. After choosing a move, scan every opponent capture before judging the move safe.","After choosing a move, scan every opponent capture before judging the move safe.",
26a4cd472098b3b0,eligible_positional,pass,active_endgame_king,4495973f-406f-4c9d-aa47-e4f5681f3d42,45,Ke2,Kf3,Bring the king into the endgame,END_KING_ACTIVE,"Ke2 puts the king on e2 while the king stays farther away. Kf3 brings the king from f2 toward the centre on f3. Kf3 gives the king a direct route to the pawns; Ke2 spends the move elsewhere. With few pieces left, activate the king before making a move that can wait.","With few pieces left, activate the king before making a move that can wait.",
985643a6702332f0,eligible_positional,pass,avoid_reply_capture,261718ad-a7dd-4cea-91c7-77fc17761aa7,44,Ba6,g5+,Check what the reply can take,TAC_CHANGED_AFTER_MOVE,"Ba6 allows this concrete reply: Black answers Rxg4, taking the pawn on g4. g5+ changes the position first; after it, Black answers Kg7, and the continuation reaches Be6. Only Ba6 gives the immediate capture on g4; g5+ avoids that version. After choosing a move, scan every opponent capture before judging the move safe.","After choosing a move, scan every opponent capture before judging the move safe.",
51d42a614622fe96,not_mistake,not_applicable,avoid_reply_capture,game_692ab776c5b1,30,Rfc8,Rcc8,Check what the reply can take,TAC_CHANGED_AFTER_MOVE,"Rfc8 allows this concrete reply: White answers Rxc2, taking the rook on c2. Rcc8 changes the position first; after it, White answers Rd1, and the continuation reaches Rc5. Only Rfc8 gives the immediate capture on c2; Rcc8 avoids that version. After choosing a move, scan every opponent capture before judging the move safe.","After choosing a move, scan every opponent capture before judging the move safe.",
1e74e56a31ca2284,not_mistake,not_applicable,create_concrete_threat,game_17fff0c6da6b,18,Bd6,Qe4,Make a threat with a target,TAC_CHECKS_CAPTURES_THREATS,"Bd6 puts the bishop on d6 without creating that attack. Qe4 puts the queen on e4, attacking the queen on g4. Qe4 gives the opponent a concrete piece to answer on g4; Bd6 does not. A useful improving move should attack, defend, or create a clear next threat.","A useful improving move should attack, defend, or create a clear next threat.",
beed1274614c0d97,eligible_positional,pass,choose_more_valuable_capture,game_e77fc5863e89,17,Nxc2,Nxg8,Take the more valuable target,TAC_CHECKS_CAPTURES_THREATS,"Nxc2 takes the pawn on c2 instead. Nxg8 takes the bishop on g8. The bishop on g8 is the larger immediate target, so Nxg8 comes first. When several captures are legal, compare the value and the reply before choosing one.","When several captures are legal, compare the value and the reply before choosing one.",
72f891bbd2f23df1,eligible_positional,pass,avoid_reply_attack,f7414dfc-5e41-40db-811f-dc3658a29571,50,Rh3+,f4+,Do not give the reply a target,TAC_CHANGED_AFTER_MOVE,"Rh3+ allows this reply: White answers Kf4, attacking the pawn on f5. f4+ changes the setup; after it, White answers Kxf4, taking the pawn on f4. Only Rh3+ lets the reply attack the piece on f5; f4+ avoids that version. Before settling on a move, check whether the opponent's reply attacks a piece and forces you to respond.","Before settling on a move, check whether the opponent's reply attacks a piece and forces you to respond.",
fc2e8471e60683d5,eligible_positional,pass,take_available_piece,game_74fdbd74c468,21,Ra6,Nxh3+,Take the concrete gain first,TAC_CHECKS_CAPTURES_THREATS,Ra6 moves the rook to a6 and leaves that capture unused. Nxh3+ takes the pawn on h3 before moving elsewhere. Nxh3+ changes the material on the board immediately; Ra6 does not. Check every safe capture before choosing a quiet move; a concrete capture can matter more than slow improvement.,Check every safe capture before choosing a quiet move; a concrete capture can matter more than slow improvement.,
95a3e77df2bb234e,eligible_positional,pass,avoid_reply_capture,game_73c3b9efff9c,26,b5,Bd7,Check what the reply can take,TAC_CHANGED_AFTER_MOVE,"b5 allows this concrete reply: White answers axb5, taking the pawn on b5. Bd7 changes the position first; after it, White answers c4, attacking the pawn on d5. Only b5 gives the immediate capture on b5; Bd7 avoids that version. After choosing a move, scan every opponent capture before judging the move safe.","After choosing a move, scan every opponent capture before judging the move safe.",
e86374e977baf6a8,not_mistake,not_applicable,avoid_forcing_check,1082e4b8-5ac8-416c-b8b8-6533321f2819,32,Re7,Kh8,Answer forcing moves before your plan,TAC_CHECKS_CAPTURES_THREATS,"Re7 allows this concrete reply: White answers Rd8+, checking the king from d8. Kh8 changes the move order; after it, White answers Rxg7, taking the pawn on g7. The check after Re7 forces a response, while Kh8 avoids that immediate check. Before starting your plan, look for the opponent's checks and deal with the forcing one first.","Before starting your plan, look for the opponent's checks and deal with the forcing one first.",
4ab39bde39491209,eligible_positional,pass,avoid_reply_attack,d51204c6-9056-48b9-a51f-268e45a1dcee,54,Re3,Rh3,Do not give the reply a target,TAC_CHANGED_AFTER_MOVE,"Re3 allows this reply: White answers Rh2, attacking the pawn on h7. Rh3 changes the setup; after it, White answers Rf2+, checking the king from f2. Only Re3 lets the reply attack the piece on h7; Rh3 avoids that version. Before settling on a move, check whether the opponent's reply attacks a piece and forces you to respond.","Before settling on a move, check whether the opponent's reply attacks a piece and forces you to respond.",
fcfc58f5f145c4d0,already_decided,not_applicable,king_approaches_pawn,game_408d93aae9db,55,Ke4,Kc4,Bring the king toward the pawns,END_KING_ACTIVE,"Ke4 puts the king on e4 and leaves the king farther from that pawn. Kc4 moves the king to c4, one step closer to the pawn on b4. Kc4 shortens the king's route to b4; Ke4 does not. In a reduced position, move the king toward the pawn you need to win or stop.","In a reduced position, move the king toward the pawn you need to win or stop.",
94c8f2a8d1854f85,eligible_positional,pass,compare_replies,c52fc5a0-14c5-4538-8675-2296da41047b,26,Qe3+,Qf1+,Compare the reply before choosing,TAC_CHANGED_AFTER_MOVE,"Qe3+ moves the queen from f3 to e3; White answers Kd1, and the continuation reaches Qf3+. Qf1+ moves the queen from f3 to f1; White answers Kd2, and the continuation reaches Qf4+. The concrete difference is the reply after Qe3+ versus the reply after Qf1+. Before choosing between quiet moves, calculate the opponent's strongest reply to each one.","Before choosing between quiet moves, calculate the opponent's strongest reply to each one.",
77b964f79ec32cd4,not_mistake,not_applicable,advance_passed_pawn,8fe4e348-380e-4c32-bf25-30af3e635f4f,65,g6,a6,Push the passed pawn with purpose,END_PASSED_PAWN,"g6 moves the pawn to g6 and leaves that pawn on a5. a6 advances the passed pawn to a6, one rank closer to promotion. a6 makes the opponent answer the passed pawn sooner; g6 gives it no progress. In an endgame, calculate whether a passed pawn can advance safely before making a side move.","In an endgame, calculate whether a passed pawn can advance safely before making a side move.",
1bb40e1b4e4b6d2b,eligible_positional,pass,advance_endgame_pawn,38e54c48-202b-41fa-8599-9e7e53df4d0d,25,c6,c5,Make progress in the pawn race,,"c6 moves the pawn to c6 while that pawn stays on c7. c5 advances the pawn from c7 to c5, one rank closer to promotion. c5 gains one step in the pawn race; c6 spends the move elsewhere. In a pawn ending, count both sides' moves to promotion before spending a move on the king or another pawn.","In a pawn ending, count both sides' moves to promotion before spending a move on the king or another pawn.",
e56b00852314457f,not_mistake,not_applicable,choose_more_valuable_capture,4136af90-9fa9-472a-b5de-e4aefc455b35,23,bxc6,fxe6,Take the more valuable target,TAC_CHECKS_CAPTURES_THREATS,"bxc6 takes the rook on c6 instead. fxe6 takes the queen on e6. The queen on e6 is the larger immediate target, so fxe6 comes first. When several captures are legal, compare the value and the reply before choosing one.","When several captures are legal, compare the value and the reply before choosing one.",
4ab39bde39491209,eligible_positional,pass,avoid_reply_attack,d51204c6-9056-48b9-a51f-268e45a1dcee,52,Re3,Rh3,Do not give the reply a target,TAC_CHANGED_AFTER_MOVE,"Re3 allows this reply: White answers Rh2, attacking the pawn on h7. Rh3 changes the setup; after it, White answers Kd4, and the continuation reaches h5. Only Re3 lets the reply attack the piece on h7; Rh3 avoids that version. Before settling on a move, check whether the opponent's reply attacks a piece and forces you to respond.","Before settling on a move, check whether the opponent's reply attacks a piece and forces you to respond.",
ce3942534dcb6386,eligible_positional,pass,avoid_reply_attack,802b941c-4779-4990-bc9c-cf02ce64634d,35,Ke3,Ra8,Do not give the reply a target,TAC_CHANGED_AFTER_MOVE,"Ke3 allows this reply: Black answers Rb4, attacking the bishop on b5. Ra8 changes the setup; after it, Black answers Re4+, checking the king from e4. Only Ke3 lets the reply attack the piece on b5; Ra8 avoids that version. Before settling on a move, check whether the opponent's reply attacks a piece and forces you to respond.","Before settling on a move, check whether the opponent's reply attacks a piece and forces you to respond.",
5dfed4722951fa53,not_mistake,not_applicable,compare_replies,game_5da7dc72d514,24,Kc8,a6,Compare the reply before choosing,TAC_CHANGED_AFTER_MOVE,"Kc8 moves the king from b8 to c8; White answers Re1, and the continuation reaches Rd7. a6 moves the pawn from a7 to a6; White answers b4, and the continuation reaches Ka7. The concrete difference is the reply after Kc8 versus the reply after a6. Before choosing between quiet moves, calculate the opponent's strongest reply to each one.","Before choosing between quiet moves, calculate the opponent's strongest reply to each one.",
103e0d7219b26f28,not_mistake,not_applicable,avoid_reply_capture,ad9f19d8-27f6-4b5f-a315-fbb7e675e689,28,Bd5,h6,Check what the reply can take,TAC_CHANGED_AFTER_MOVE,"Bd5 allows this concrete reply: White answers Nxd5, taking the bishop on d5. h6 changes the position first; after it, White answers Rd6, attacking the rook on d8. Only Bd5 gives the immediate capture on d5; h6 avoids that version. After choosing a move, scan every opponent capture before judging the move safe.","After choosing a move, scan every opponent capture before judging the move safe.",
f4b073d39c42cf79,eligible_positional,pass,take_available_piece,game_d5798d2afbe3,39,Kh4,Rxd6+,Take the concrete gain first,TAC_CHECKS_CAPTURES_THREATS,Kh4 moves the king to h4 and leaves that capture unused. Rxd6+ takes the bishop on d6 before moving elsewhere. Rxd6+ changes the material on the board immediately; Kh4 does not. Check every safe capture before choosing a quiet move; a concrete capture can matter more than slow improvement.,Check every safe capture before choosing a quiet move; a concrete capture can matter more than slow improvement.,
2624e01e822ec20d,eligible_positional,pass,avoid_reply_attack,e15039b4-6f96-4630-8657-6d6def6b5743,26,d2,Bb7,Do not give the reply a target,TAC_CHANGED_AFTER_MOVE,"d2 allows this reply: White answers Rd1, attacking the pawn on d2. Bb7 changes the setup; after it, White answers f4, and the continuation reaches Bd5. Only d2 lets the reply attack the piece on d2; Bb7 avoids that version. Before settling on a move, check whether the opponent's reply attacks a piece and forces you to respond.","Before settling on a move, check whether the opponent's reply attacks a piece and forces you to respond.",
75328ef4fd599876,eligible_positional,pass,compare_replies,80ef39ca-27e5-4c13-a9d9-471c41051e58,27,Kc5,Ke7,Compare the reply before choosing,TAC_CHANGED_AFTER_MOVE,"Kc5 moves the king from d6 to c5; White answers g4, and the continuation reaches f6. Ke7 moves the king from d6 to e7; White answers b4, and the continuation reaches Kf6. The concrete difference is the reply after Kc5 versus the reply after Ke7. Before choosing between quiet moves, calculate the opponent's strongest reply to each one.","Before choosing between quiet moves, calculate the opponent's strongest reply to each one.",
0daf267380bd0d9d,eligible_positional,pass,forcing_check_sequence,76f68e3f-3b76-4947-b959-eea305ecb504,39,h4+,f6+,Choose the check with a follow-up,TAC_CHECKS_CAPTURES_THREATS,"h4+ also checks from h4, but Black answers Kxh4, taking the pawn on h4. f6+ checks from f6; after Kxf6, Bxc4 takes the pawn on c4. f6+ connects the check to a concrete capture; h4+ gives check without that same follow-up. Compare checks by what they force next; a check is useful when the follow-up wins something or improves the result.",Compare checks by what they force next; a check is useful when the follow-up wins something or improves the result.,
71ed10743c734ed0,eligible_positional,pass,create_concrete_threat,5cb6a8ac-0f94-4336-8a5c-212ae50b8c84,23,h5,c5,Make a threat with a target,TAC_CHECKS_CAPTURES_THREATS,"h5 puts the pawn on h5 without creating that attack. c5 puts the pawn on c5, attacking the bishop on d4. c5 gives the opponent a concrete piece to answer on d4; h5 does not. A useful improving move should attack, defend, or create a clear next threat.","A useful improving move should attack, defend, or create a clear next threat.",
7104d2823c72de9c,not_mistake,not_applicable,avoid_reply_attack,game_4cea51fcad39,29,Re8+,Kg2,Do not give the reply a target,TAC_CHANGED_AFTER_MOVE,"Re8+ allows this reply: Black answers Kf7, attacking the rook on e8. Kg2 changes the setup; after it, Black answers Qg5+, checking the king from g5. Only Re8+ lets the reply attack the piece on e8; Kg2 avoids that version. Before settling on a move, check whether the opponent's reply attacks a piece and forces you to respond.","Before settling on a move, check whether the opponent's reply attacks a piece and forces you to respond.",
78c4121b9255b8e5,eligible_positional,pass,rook_file,b712292f-7981-4a75-98d0-06789b017f20,26,Nd5,Rg1,Put the rook where pawns do not block it,MID_ROOK_OPEN_FILE,"Nd5 moves the knight to d5 instead of placing the rook on the g-file. Rg1 puts the rook on g1, on the semi-open g-file. On g1 the rook has the file available; Nd5 leaves the rook out of that lane. When no tactic is urgent, look for an open or semi-open file for a rook.","When no tactic is urgent, look for an open or semi-open file for a rook.",
15531b696d9d048e,eligible_positional,pass,rook_file,4136af90-9fa9-472a-b5de-e4aefc455b35,19,Bxc4,Rd2,Put the rook where pawns do not block it,MID_ROOK_OPEN_FILE,"Bxc4 moves the bishop to c4 instead of placing the rook on the d-file. Rd2 puts the rook on d2, on the open d-file. On d2 the rook has the file available; Bxc4 leaves the rook out of that lane. When no tactic is urgent, look for an open or semi-open file for a rook.","When no tactic is urgent, look for an open or semi-open file for a rook.",
d8a9e7ce524b204d,eligible_positional,pass,rook_file,game_5e161a7440aa,50,Ke5,Rg1,Put the rook where pawns do not block it,MID_ROOK_OPEN_FILE,"Ke5 moves the king to e5 instead of placing the rook on the g-file. Rg1 puts the rook on g1, on the open g-file. On g1 the rook has the file available; Ke5 leaves the rook out of that lane. When no tactic is urgent, look for an open or semi-open file for a rook.","When no tactic is urgent, look for an open or semi-open file for a rook.",
90e227e140fa82ab,eligible_positional,pass,avoid_reply_capture,e15039b4-6f96-4630-8657-6d6def6b5743,19,d5,Bd4,Check what the reply can take,TAC_CHANGED_AFTER_MOVE,"d5 allows this concrete reply: White answers Nxc5, taking the bishop on c5. Bd4 changes the position first; after it, White answers Rad1, attacking the bishop on d4. Only d5 gives the immediate capture on c5; Bd4 avoids that version. After choosing a move, scan every opponent capture before judging the move safe.","After choosing a move, scan every opponent capture before judging the move safe.",
5968bf0c74b588e6,not_mistake,not_applicable,active_endgame_king,489e0172-847d-4be0-ac43-2c2e0b59cfd4,46,b6,Kd3,Bring the king into the endgame,END_KING_ACTIVE,"b6 puts the pawn on b6 while the king stays farther away. Kd3 brings the king from d2 toward the centre on d3. Kd3 gives the king a direct route to the pawns; b6 spends the move elsewhere. With few pieces left, activate the king before making a move that can wait.","With few pieces left, activate the king before making a move that can wait.",
e57327d7ea3dd613,eligible_positional,pass,compare_replies,09f55442-fee9-4b0f-807c-1de5891a3c84,60,Re3,Kg7,Compare the reply before choosing,TAC_CHANGED_AFTER_MOVE,"Re3 moves the rook from a3 to e3; White answers b6, and the continuation reaches Re4+. Kg7 moves the king from g6 to g7; White answers Rf4, attacking the pawn on f3. The concrete difference is the reply after Re3 versus the reply after Kg7. Before choosing between quiet moves, calculate the opponent's strongest reply to each one.","Before choosing between quiet moves, calculate the opponent's strongest reply to each one.",
14a0f86941d24da7,not_mistake,not_applicable,advance_passed_pawn,1e299721-98e0-40f0-9562-81d96e3dcffb,22,Qe5,h5,Push the passed pawn with purpose,END_PASSED_PAWN,"Qe5 moves the queen to e5 and leaves that pawn on h7. h5 advances the passed pawn to h5, one rank closer to promotion. h5 makes the opponent answer the passed pawn sooner; Qe5 gives it no progress. In an endgame, calculate whether a passed pawn can advance safely before making a side move.","In an endgame, calculate whether a passed pawn can advance safely before making a side move.",
99d55107bed0edf6,eligible_positional,pass,avoid_reply_capture,1082e4b8-5ac8-416c-b8b8-6533321f2819,23,a4,e5,Check what the reply can take,TAC_CHANGED_AFTER_MOVE,"a4 allows this concrete reply: White answers dxe6, taking the pawn on e6. e5 changes the position first; after it, White answers d6, and the continuation reaches Rc8. Only a4 gives the immediate capture on e6; e5 avoids that version. After choosing a move, scan every opponent capture before judging the move safe.","After choosing a move, scan every opponent capture before judging the move safe.",
8e6e143376263786,eligible_positional,pass,rook_file,562c8fe3-3a6b-47b8-9d14-60accd08807b,53,Kb4,Ra8,Put the rook where pawns do not block it,MID_ROOK_OPEN_FILE,"Kb4 moves the king to b4 instead of placing the rook on the a-file. Ra8 puts the rook on a8, on the semi-open a-file. On a8 the rook has the file available; Kb4 leaves the rook out of that lane. When no tactic is urgent, look for an open or semi-open file for a rook.","When no tactic is urgent, look for an open or semi-open file for a rook.",
dfcd78516f0e844e,not_mistake,not_applicable,recapture_with_lower_value_piece,game_7bdc02d0c35b,29,Rxf5,exf5,Use the cheaper piece to recapture,TAC_DEFENDER_COUNT,"Rxf5 uses the more valuable rook from f7 for the same capture. exf5 uses the pawn from e6 to recapture on f5. Both moves capture on f5, but exf5 keeps the rook on f7. When two pieces can recapture, compare which piece you want to keep active afterward.","When two pieces can recapture, compare which piece you want to keep active afterward.",
33db24c3259d9bcb,already_decided,not_applicable,active_endgame_king,game_f233cffb57b8,54,Kh2,Kf2,Bring the king into the endgame,END_KING_ACTIVE,"Kh2 puts the king on h2 while the king stays farther away. Kf2 keeps the king on f2, closer to the centre than h2. Kf2 gives the king a direct route to the pawns; Kh2 spends the move elsewhere. With few pieces left, activate the king before making a move that can wait.","With few pieces left, activate the king before making a move that can wait.",
f05ac7cd1415d1ef,eligible_positional,pass,avoid_reply_capture,802b941c-4779-4990-bc9c-cf02ce64634d,45,Be8,Ra6,Check what the reply can take,TAC_CHANGED_AFTER_MOVE,"Be8 allows this concrete reply: Black answers Rxh2, taking the pawn on h2. Ra6 changes the position first; after it, Black answers Rf6, and the continuation reaches h4. Only Be8 gives the immediate capture on h2; Ra6 avoids that version. After choosing a move, scan every opponent capture before judging the move safe.","After choosing a move, scan every opponent capture before judging the move safe.",
7db63dd7a5aee2fe,eligible_positional,pass,avoid_reply_capture,game_7bdc02d0c35b,28,Ree7,Qc4,Check what the reply can take,TAC_CHANGED_AFTER_MOVE,"Ree7 allows this concrete reply: White answers fxe6, taking the pawn on e6. Qc4 changes the position first; after it, White answers Nd4, attacking the pawn on c6. Only Ree7 gives the immediate capture on e6; Qc4 avoids that version. After choosing a move, scan every opponent capture before judging the move safe.","After choosing a move, scan every opponent capture before judging the move safe.",
eb60bd60802c3454,eligible_positional,pass,compare_replies,448c16f4-85c5-4ee9-907e-947c0a5c9794,36,Re7,Rb7,Compare the reply before choosing,TAC_CHANGED_AFTER_MOVE,"Re7 moves the rook from h7 to e7; Black answers Rd2, attacking the pawn on b2. Rb7 moves the rook from h7 to b7; Black answers Rd2, attacking the pawn on b2. After the same reply Rd2, Re7 leads to Rb7, while Rb7 leads to Kf3. Before choosing between quiet moves, calculate the opponent's strongest reply to each one.","Before choosing between quiet moves, calculate the opponent's strongest reply to each one.",
cb1e1e579793ad53,eligible_positional,pass,active_endgame_king,4495973f-406f-4c9d-aa47-e4f5681f3d42,46,Rh5,Kf3,Bring the king into the endgame,END_KING_ACTIVE,"Rh5 puts the rook on h5 while the king stays farther away. Kf3 brings the king from e2 toward the centre on f3. Kf3 gives the king a direct route to the pawns; Rh5 spends the move elsewhere. With few pieces left, activate the king before making a move that can wait.","With few pieces left, activate the king before making a move that can wait.",
6f3ba97759201c04,eligible_positional,pass,avoid_reply_capture,game_ef9f422a062d,22,g4,Bg7,Check what the reply can take,TAC_CHANGED_AFTER_MOVE,"g4 allows this concrete reply: White answers fxg4, taking the pawn on g4. Bg7 changes the position first; after it, White answers a4, and the continuation reaches Rd8. Only g4 gives the immediate capture on g4; Bg7 avoids that version. After choosing a move, scan every opponent capture before judging the move safe.","After choosing a move, scan every opponent capture before judging the move safe.",
a74c6be3ce17e916,already_decided,not_applicable,rook_file,bfdddbdd-999f-40a7-aed0-12775988bf66,37,Ne6,Rc6,Put the rook where pawns do not block it,MID_ROOK_OPEN_FILE,"Ne6 moves the knight to e6 instead of placing the rook on the c-file. Rc6 puts the rook on c6, on the open c-file. On c6 the rook has the file available; Ne6 leaves the rook out of that lane. When no tactic is urgent, look for an open or semi-open file for a rook.","When no tactic is urgent, look for an open or semi-open file for a rook.",
179e2b13011ca8f7,eligible_positional,pass,avoid_reply_attack,448c16f4-85c5-4ee9-907e-947c0a5c9794,37,Ra7,Rc7,Do not give the reply a target,TAC_CHANGED_AFTER_MOVE,"Ra7 allows this reply: Black answers Rd2, attacking the pawn on b2. Rc7 changes the setup; after it, Black answers a5, moving from a6 to a5. Only Ra7 lets the reply attack the piece on b2; Rc7 avoids that version. Before settling on a move, check whether the opponent's reply attacks a piece and forces you to respond.","Before settling on a move, check whether the opponent's reply attacks a piece and forces you to respond.",
b820ac21d3fe0e23,not_mistake,not_applicable,avoid_reply_attack,game_d7a9099faca2,33,Rd1,Qg2,Do not give the reply a target,TAC_CHANGED_AFTER_MOVE,"Rd1 allows this reply: Black answers Qf3, attacking the rook on d1. Qg2 changes the setup; after it, Black answers Qxg2+, taking the queen on g2. Only Rd1 lets the reply attack the piece on d1; Qg2 avoids that version. Before settling on a move, check whether the opponent's reply attacks a piece and forces you to respond.","Before settling on a move, check whether the opponent's reply attacks a piece and forces you to respond.",
6405ddb1314437f6,already_decided,not_applicable,take_available_piece,562e7fbe-810c-4921-bcb3-0ce5074269d2,31,Bd2,Rxf4,Take the concrete gain first,TAC_CHECKS_CAPTURES_THREATS,Bd2 moves the bishop to d2 and leaves that capture unused. Rxf4 takes the rook on f4 before moving elsewhere. Rxf4 changes the material on the board immediately; Bd2 does not. Check every safe capture before choosing a quiet move; a concrete capture can matter more than slow improvement.,Check every safe capture before choosing a quiet move; a concrete capture can matter more than slow improvement.,
f9b0c67aeba7f096,eligible_positional,pass,rook_file,e15039b4-6f96-4630-8657-6d6def6b5743,41,Kg6,Re4,Put the rook where pawns do not block it,MID_ROOK_OPEN_FILE,"Kg6 moves the king to g6 instead of placing the rook on the e-file. Re4 puts the rook on e4, on the open e-file. On e4 the rook has the file available; Kg6 leaves the rook out of that lane. When no tactic is urgent, look for an open or semi-open file for a rook.","When no tactic is urgent, look for an open or semi-open file for a rook.",
5abbb97d3efe472d,eligible_positional,pass,add_defender,6496587b-d3ab-449e-80d8-994cd1e019d0,39,Qb8,Qa2,Add a defender where it is needed,DEF_MOST_ATTACKED,"Qb8 moves the queen to b8 without adding that defender. Qa2 places the queen on a2, where it adds a defender to the pawn on d5. After Qa2, the pawn on d5 has more support; after Qb8, it does not. When one of your pieces is attacked, count its attackers and defenders before moving elsewhere.","When one of your pieces is attacked, count its attackers and defenders before moving elsewhere.",
09143374cda4472e,eligible_positional,pass,take_available_piece,448c16f4-85c5-4ee9-907e-947c0a5c9794,31,Re7+,Rxh7,Take the concrete gain first,TAC_CHECKS_CAPTURES_THREATS,Re7+ moves the rook to e7 and leaves that capture unused. Rxh7 takes the pawn on h7 before moving elsewhere. Rxh7 changes the material on the board immediately; Re7+ does not. Check every safe capture before choosing a quiet move; a concrete capture can matter more than slow improvement.,Check every safe capture before choosing a quiet move; a concrete capture can matter more than slow improvement.,
a5e236f912e1ea09,eligible_positional,pass,advance_passed_pawn,d51204c6-9056-48b9-a51f-268e45a1dcee,49,Kf7,h5,Push the passed pawn with purpose,END_PASSED_PAWN,"Kf7 moves the king to f7 and leaves that pawn on h7. h5 advances the passed pawn to h5, one rank closer to promotion. h5 makes the opponent answer the passed pawn sooner; Kf7 gives it no progress. In an endgame, calculate whether a passed pawn can advance safely before making a side move.","In an endgame, calculate whether a passed pawn can advance safely before making a side move.",
4fd15f38b50e056c,not_mistake,not_applicable,avoid_forcing_check,80ef39ca-27e5-4c13-a9d9-471c41051e58,33,Kxb3,f6,Answer forcing moves before your plan,TAC_CHECKS_CAPTURES_THREATS,"Kxb3 allows this concrete reply: White answers Rd3+, checking the king from d3. f6 changes the move order; after it, White answers Rd3, and the continuation reaches Rc8. The check after Kxb3 forces a response, while f6 avoids that immediate check. Before starting your plan, look for the opponent's checks and deal with the forcing one first.","Before starting your plan, look for the opponent's checks and deal with the forcing one first.",
64f4e399b9ae526c,eligible_positional,pass,centralize_piece,4346513e-cc8c-4d42-a1e1-b739b7b4a2d4,22,Nb5,Be7,Move the piece toward the centre,,"Nb5 puts the knight on b5 instead. Be7 moves the bishop from f8 toward the centre on e7, where it reaches h4, g5, d6. The bishop has central work from e7; Nb5 uses the move on b5. When moves are quiet, prefer the piece whose new square gives it more concrete jobs.","When moves are quiet, prefer the piece whose new square gives it more concrete jobs.",
1acb1464b0586d52,eligible_positional,pass,avoid_reply_attack,game_4cea51fcad39,18,exd5,Qe2,Do not give the reply a target,TAC_CHANGED_AFTER_MOVE,"exd5 allows this reply: Black answers Ng4, attacking the bishop on e3. Qe2 changes the setup; after it, Black answers dxe4, taking the pawn on e4. Only exd5 lets the reply attack the piece on e3; Qe2 avoids that version. Before settling on a move, check whether the opponent's reply attacks a piece and forces you to respond.","Before settling on a move, check whether the opponent's reply attacks a piece and forces you to respond.",
d6303c52c74c7d6e,already_decided,not_applicable,rook_file,802b941c-4779-4990-bc9c-cf02ce64634d,23,f4,Rg7,Put the rook where pawns do not block it,MID_ROOK_OPEN_FILE,"f4 moves the pawn to f4 instead of placing the rook on the g-file. Rg7 puts the rook on g7, on the open g-file. On g7 the rook has the file available; f4 leaves the rook out of that lane. When no tactic is urgent, look for an open or semi-open file for a rook.","When no tactic is urgent, look for an open or semi-open file for a rook.",
c3825dda8669bb82,eligible_positional,pass,take_available_piece,2c32f758-a724-4e68-8087-c48c93da0173,20,Rc7,Bxb5,Take the concrete gain first,TAC_CHECKS_CAPTURES_THREATS,Rc7 moves the rook to c7 and leaves that capture unused. Bxb5 takes the pawn on b5 before moving elsewhere. Bxb5 changes the material on the board immediately; Rc7 does not. Check every safe capture before choosing a quiet move; a concrete capture can matter more than slow improvement.,Check every safe capture before choosing a quiet move; a concrete capture can matter more than slow improvement.,
b130047ebb71bc81,eligible_positional,pass,avoid_reply_capture,5cb15b64-2276-4193-b2c8-1ce98cb07458,26,Rd8+,Be5,Check what the reply can take,TAC_CHANGED_AFTER_MOVE,"Rd8+ allows this concrete reply: Black answers Rxd8, taking the rook on d8. Be5 changes the position first; after it, Black answers a5, attacking the pawn on b4. Only Rd8+ gives the immediate capture on d8; Be5 avoids that version. After choosing a move, scan every opponent capture before judging the move safe.","After choosing a move, scan every opponent capture before judging the move safe.",
1d0df0f844918627,not_mistake,not_applicable,add_defender,coach_79f92dc6-b17,20,Bxh6,Be3,Add a defender where it is needed,DEF_MOST_ATTACKED,"Bxh6 moves the bishop to h6 without adding that defender. Be3 places the bishop on e3, where it adds a defender to the pawn on f2. After Be3, the pawn on f2 has more support; after Bxh6, it does not. When one of your pieces is attacked, count its attackers and defenders before moving elsewhere.","When one of your pieces is attacked, count its attackers and defenders before moving elsewhere.",
659bd7ef6efd6e08,eligible_positional,pass,avoid_reply_capture,game_efa6a7a5d0bf,22,Rab1,a5,Check what the reply can take,TAC_CHANGED_AFTER_MOVE,"Rab1 allows this concrete reply: Black answers Rxb6, taking the rook on b6. a5 changes the position first; after it, Black answers Bb5, attacking the pawn on d3. Only Rab1 gives the immediate capture on b6; a5 avoids that version. After choosing a move, scan every opponent capture before judging the move safe.","After choosing a move, scan every opponent capture before judging the move safe.",
8a01dc8cb098edd4,eligible_positional,pass,avoid_reply_capture,3dac664d-3e16-45b9-a218-1555d9f6ebd3,22,Bc4,Be2,Check what the reply can take,TAC_CHANGED_AFTER_MOVE,"Bc4 allows this concrete reply: Black answers Nxc4, taking the bishop on c4. Be2 changes the position first; after it, Black answers Bc5, attacking the pawn on f2. Only Bc4 gives the immediate capture on c4; Be2 avoids that version. After choosing a move, scan every opponent capture before judging the move safe.","After choosing a move, scan every opponent capture before judging the move safe.",
06b8182067bd3a04,eligible_positional,pass,recapture_with_lower_value_piece,game_74fdbd74c468,23,Qxd6,cxd6,Use the cheaper piece to recapture,TAC_DEFENDER_COUNT,"Qxd6 uses the more valuable queen from d7 for the same capture. cxd6 uses the pawn from c7 to recapture on d6. Both moves capture on d6, but cxd6 keeps the queen on d7. When two pieces can recapture, compare which piece you want to keep active afterward.","When two pieces can recapture, compare which piece you want to keep active afterward.",
efee07d7d7e9adaf,not_mistake,not_applicable,avoid_forcing_check,448c16f4-85c5-4ee9-907e-947c0a5c9794,43,g4,Rb6+,Answer forcing moves before your plan,TAC_CHECKS_CAPTURES_THREATS,"g4 allows this concrete reply: Black answers Re5+, checking the king from e5. Rb6+ changes the move order; after it, Black answers Ka7, attacking the rook on b6. The check after g4 forces a response, while Rb6+ avoids that immediate check. Before starting your plan, look for the opponent's checks and deal with the forcing one first.","Before starting your plan, look for the opponent's checks and deal with the forcing one first.",
a6ef68db0c80488d,already_decided,not_applicable,avoid_reply_attack,bfdddbdd-999f-40a7-aed0-12775988bf66,36,Rd6,Rc6+,Do not give the reply a target,TAC_CHANGED_AFTER_MOVE,"Rd6 allows this reply: Black answers Rb4, attacking the knight on d4. Rc6+ changes the setup; after it, Black answers Rxc6, taking the rook on c6. Only Rd6 lets the reply attack the piece on d4; Rc6+ avoids that version. Before settling on a move, check whether the opponent's reply attacks a piece and forces you to respond.","Before settling on a move, check whether the opponent's reply attacks a piece and forces you to respond.",
c896ce4cf4c71470,not_mistake,not_applicable,avoid_reply_capture,game_94ea9cf7bc33,23,gxf6,h6,Check what the reply can take,TAC_CHANGED_AFTER_MOVE,"gxf6 allows this concrete reply: White answers Bxf6, taking the pawn on f6. h6 changes the position first; after it, White answers Bh4, and the continuation reaches Qd2. Only gxf6 gives the immediate capture on f6; h6 avoids that version. After choosing a move, scan every opponent capture before judging the move safe.","After choosing a move, scan every opponent capture before judging the move safe.",
fb2a59fa67fa80b8,eligible_positional,pass,avoid_forcing_check,game_426f45aff6ca,34,Rxe3,Rd1,Answer forcing moves before your plan,TAC_CHECKS_CAPTURES_THREATS,"Rxe3 allows this concrete reply: White answers Rd8+, checking the king from d8. Rd1 changes the move order; after it, White answers Rd8, attacking the rook on e8. The check after Rxe3 forces a response, while Rd1 avoids that immediate check. Before starting your plan, look for the opponent's checks and deal with the forcing one first.","Before starting your plan, look for the opponent's checks and deal with the forcing one first.",
0189d26f45ae6380,eligible_positional,pass,take_available_piece,5cb15b64-2276-4193-b2c8-1ce98cb07458,46,Bf6,Bxf5,Take the concrete gain first,TAC_CHECKS_CAPTURES_THREATS,Bf6 moves the bishop to f6 and leaves that capture unused. Bxf5 takes the knight on f5 before moving elsewhere. Bxf5 changes the material on the board immediately; Bf6 does not. Check every safe capture before choosing a quiet move; a concrete capture can matter more than slow improvement.,Check every safe capture before choosing a quiet move; a concrete capture can matter more than slow improvement.,
1cbe0aa3ff2ecb32,already_decided,not_applicable,take_available_piece,game_ca1246348b5f,47,Rh7,Rxe7,Take the concrete gain first,TAC_CHECKS_CAPTURES_THREATS,Rh7 moves the rook to h7 and leaves that capture unused. Rxe7 takes the knight on e7 before moving elsewhere. Rxe7 changes the material on the board immediately; Rh7 does not. Check every safe capture before choosing a quiet move; a concrete capture can matter more than slow improvement.,Check every safe capture before choosing a quiet move; a concrete capture can matter more than slow improvement.,
fa93917d9e01396c,eligible_positional,pass,compare_replies,5cb15b64-2276-4193-b2c8-1ce98cb07458,50,Kf3,Kg2,Compare the reply before choosing,TAC_CHANGED_AFTER_MOVE,"Kf3 moves the king from f2 to f3; Black answers Bc6, and the continuation reaches Ke2. Kg2 moves the king from f2 to g2; Black answers Bc6, and the continuation reaches Kh2. After the same reply Bc6, Kf3 leads to Ke2, while Kg2 leads to Kh2. Before choosing between quiet moves, calculate the opponent's strongest reply to each one.","Before choosing between quiet moves, calculate the opponent's strongest reply to each one.",
646d72d8d13f558c,eligible_positional,pass,create_concrete_threat,game_da29f2ff8e27,21,Ne4,Nd5,Make a threat with a target,TAC_CHECKS_CAPTURES_THREATS,"Ne4 puts the knight on e4 without creating that attack. Nd5 puts the knight on d5, attacking the queen on f4. Nd5 gives the opponent a concrete piece to answer on f4; Ne4 does not. A useful improving move should attack, defend, or create a clear next threat.","A useful improving move should attack, defend, or create a clear next threat.",
5c8ca6326098c345,eligible_positional,pass,avoid_reply_attack,2c32f758-a724-4e68-8087-c48c93da0173,21,f3,Bc4,Do not give the reply a target,TAC_CHANGED_AFTER_MOVE,"f3 allows this reply: Black answers Be6, attacking the pawn on a2. Bc4 changes the setup; after it, Black answers Bf5, and the continuation reaches Rc1. Only f3 lets the reply attack the piece on a2; Bc4 avoids that version. Before settling on a move, check whether the opponent's reply attacks a piece and forces you to respond.","Before settling on a move, check whether the opponent's reply attacks a piece and forces you to respond.",
df7dc31ddab9899d,eligible_positional,pass,take_available_piece,game_da29f2ff8e27,16,Rf3,dxc4,Take the concrete gain first,TAC_CHECKS_CAPTURES_THREATS,Rf3 moves the rook to f3 and leaves that capture unused. dxc4 takes the pawn on c4 before moving elsewhere. dxc4 changes the material on the board immediately; Rf3 does not. Check every safe capture before choosing a quiet move; a concrete capture can matter more than slow improvement.,Check every safe capture before choosing a quiet move; a concrete capture can matter more than slow improvement.,
35b2e3d1f00b08a4,not_mistake,not_applicable,add_defender,3da52c5e-a938-4b74-a8d2-2cd9ab1f7b86,43,Qc7,Qf4,Add a defender where it is needed,DEF_MOST_ATTACKED,"Qc7 moves the queen to c7 without adding that defender. Qf4 places the queen on f4, where it adds a defender to the pawn on g4. After Qf4, the pawn on g4 has more support; after Qc7, it does not. When one of your pieces is attacked, count its attackers and defenders before moving elsewhere.","When one of your pieces is attacked, count its attackers and defenders before moving elsewhere.",
a378dfb84c49cb5d,eligible_positional,pass,rook_file,a9f06367-e4de-4dde-b3b4-e637c4d54d22,26,Rc8,Rb8,Put the rook where pawns do not block it,MID_ROOK_OPEN_FILE,"Rc8 moves the rook to c8 instead of placing the rook on the b-file. Rb8 puts the rook on b8, on the open b-file. On b8 the rook has the file available; Rc8 leaves the rook out of that lane. When no tactic is urgent, look for an open or semi-open file for a rook.","When no tactic is urgent, look for an open or semi-open file for a rook.",
3d8ad72981671e28,already_decided,not_applicable,add_defender,4f966401-6b9b-4ec2-912c-52a3388c9ae9,19,b6,Kc8,Add a defender where it is needed,DEF_MOST_ATTACKED,"b6 moves the pawn to b6 without adding that defender. Kc8 places the king on c8, where it adds a defender to the pawn on b7. After Kc8, the pawn on b7 has more support; after b6, it does not. When one of your pieces is attacked, count its attackers and defenders before moving elsewhere.","When one of your pieces is attacked, count its attackers and defenders before moving elsewhere.",
15a91241182cd2bb,eligible_positional,pass,compare_replies,800f9b3e-edf6-4eb0-99f6-1da029c8924c,31,Rg1+,Rh4,Compare the reply before choosing,TAC_CHANGED_AFTER_MOVE,"Rg1+ moves the rook from g4 to g1; White answers Kc2, moving from d1 to c2. Rh4 moves the rook from g4 to h4; White answers Re2, attacking the rook on e8. The concrete difference is the reply after Rg1+ versus the reply after Rh4. Before choosing between quiet moves, calculate the opponent's strongest reply to each one.","Before choosing between quiet moves, calculate the opponent's strongest reply to each one.",
e8911c009ba3c31f,eligible_positional,pass,take_available_piece,game_17fff0c6da6b,11,Bd7,Qxe3,Take the concrete gain first,TAC_CHECKS_CAPTURES_THREATS,Bd7 moves the bishop to d7 and leaves that capture unused. Qxe3 takes the pawn on e3 before moving elsewhere. Qxe3 changes the material on the board immediately; Bd7 does not. Check every safe capture before choosing a quiet move; a concrete capture can matter more than slow improvement.,Check every safe capture before choosing a quiet move; a concrete capture can matter more than slow improvement.,
7af38a371c575ead,eligible_positional,pass,avoid_reply_capture,game_dbb7db5a44d1,28,Re2,Be2,Check what the reply can take,TAC_CHANGED_AFTER_MOVE,"Re2 allows this concrete reply: White answers bxc4, taking the pawn on c4. Be2 changes the position first; after it, White answers Re1, attacking the bishop on e2. Only Re2 gives the immediate capture on c4; Be2 avoids that version. After choosing a move, scan every opponent capture before judging the move safe.","After choosing a move, scan every opponent capture before judging the move safe.",
2d323bf4f9bc1337,eligible_positional,pass,take_available_piece,game_1f6137b33b77,27,b4,Bxb8,Take the concrete gain first,TAC_CHECKS_CAPTURES_THREATS,b4 moves the pawn to b4 and leaves that capture unused. Bxb8 takes the rook on b8 before moving elsewhere. Bxb8 changes the material on the board immediately; b4 does not. Check every safe capture before choosing a quiet move; a concrete capture can matter more than slow improvement.,Check every safe capture before choosing a quiet move; a concrete capture can matter more than slow improvement.,
da396e9a5cf9fe80,eligible_positional,pass,create_concrete_threat,3dac664d-3e16-45b9-a218-1555d9f6ebd3,28,c5,Bd6,Make a threat with a target,TAC_CHECKS_CAPTURES_THREATS,"c5 puts the pawn on c5 without creating that attack. Bd6 puts the bishop on d6, attacking the bishop on e7. Bd6 gives the opponent a concrete piece to answer on e7; c5 does not. A useful improving move should attack, defend, or create a clear next threat.","A useful improving move should attack, defend, or create a clear next threat.",
620d1dbe6a6def05,not_mistake,not_applicable,king_approaches_pawn,game_17fff0c6da6b,45,Ka8,Kb8,Bring the king toward the pawns,END_KING_ACTIVE,"Ka8 puts the king on a8 and leaves the king farther from that pawn. Kb8 moves the king to b8, one step closer to the pawn on g7. Kb8 shortens the king's route to g7; Ka8 does not. In a reduced position, move the king toward the pawn you need to win or stop.","In a reduced position, move the king toward the pawn you need to win or stop.",
65bfb745a5ac56b9,eligible_positional,pass,compare_replies,2c32f758-a724-4e68-8087-c48c93da0173,26,Ba6,Ra5,Compare the reply before choosing,TAC_CHANGED_AFTER_MOVE,"Ba6 moves the bishop from e2 to a6; Black answers Rc1+, checking the king from c1. Ra5 moves the rook from a7 to a5; Black answers Rc1+, checking the king from c1. After the same reply Rc1+, Ba6 leads to Kh2, while Ra5 leads to Kh2. Before choosing between quiet moves, calculate the opponent's strongest reply to each one.","Before choosing between quiet moves, calculate the opponent's strongest reply to each one.",
4e05063c1ad500dc,eligible_positional,pass,create_concrete_threat,1e299721-98e0-40f0-9562-81d96e3dcffb,23,Qa5,Qf4,Make a threat with a target,TAC_CHECKS_CAPTURES_THREATS,"Qa5 puts the queen on a5 without creating that attack. Qf4 puts the queen on f4, attacking the pawn on f3. Qf4 gives the opponent a concrete piece to answer on f3; Qa5 does not. A useful improving move should attack, defend, or create a clear next threat.","A useful improving move should attack, defend, or create a clear next threat.",
5f27cf55da6c0f59,already_decided,not_applicable,active_endgame_king,game_c56126d4061b,57,Kf6,Ke5,Bring the king into the endgame,END_KING_ACTIVE,"Kf6 puts the king on f6 while the king stays farther away. Ke5 brings the king from f5 toward the centre on e5. Ke5 gives the king a direct route to the pawns; Kf6 spends the move elsewhere. With few pieces left, activate the king before making a move that can wait.","With few pieces left, activate the king before making a move that can wait.",
12fd39c4883b7d77,eligible_positional,pass,avoid_reply_attack,game_8d547894990d,40,Kd6,Kd8,Do not give the reply a target,TAC_CHANGED_AFTER_MOVE,"Kd6 allows this reply: White answers Nd4, attacking the rook on c2. Kd8 changes the setup; after it, White answers Rxh7, taking the pawn on h7. Only Kd6 lets the reply attack the piece on c2; Kd8 avoids that version. Before settling on a move, check whether the opponent's reply attacks a piece and forces you to respond.","Before settling on a move, check whether the opponent's reply attacks a piece and forces you to respond.",
c6d3d177f45aa517,eligible_positional,pass,avoid_forcing_check,game_17fff0c6da6b,15,Bb5,Qh6,Answer forcing moves before your plan,TAC_CHECKS_CAPTURES_THREATS,"Bb5 allows this concrete reply: White answers Bg4+, checking the king from g4. Qh6 changes the move order; after it, White answers Qd5, attacking the bishop on d7. The check after Bb5 forces a response, while Qh6 avoids that immediate check. Before starting your plan, look for the opponent's checks and deal with the forcing one first.","Before starting your plan, look for the opponent's checks and deal with the forcing one first.",
fd8e4067b83a3303,eligible_positional,pass,create_concrete_threat,eb050e67-c664-412a-a24e-a3dd4537cb91,28,Rxc8,Bxc5,Make a threat with a target,TAC_CHECKS_CAPTURES_THREATS,"Rxc8 puts the rook on c8 without creating that attack. Bxc5 puts the bishop on c5, attacking the pawn on b4. Bxc5 gives the opponent a concrete piece to answer on b4; Rxc8 does not. A useful improving move should attack, defend, or create a clear next threat.","A useful improving move should attack, defend, or create a clear next threat.",
a6e1c0a600a0e07b,eligible_positional,pass,take_available_piece,a0276eda-9a80-44a2-8319-af27d470d0bf,13,Nb5,Rxf7,Take the concrete gain first,TAC_CHECKS_CAPTURES_THREATS,Nb5 moves the knight to b5 and leaves that capture unused. Rxf7 takes the pawn on f7 before moving elsewhere. Rxf7 changes the material on the board immediately; Nb5 does not. Check every safe capture before choosing a quiet move; a concrete capture can matter more than slow improvement.,Check every safe capture before choosing a quiet move; a concrete capture can matter more than slow improvement.,
de2abc5549e228e8,already_decided,not_applicable,avoid_forcing_check,game_8d200c3d5436,39,Kg6,Rh8,Answer forcing moves before your plan,TAC_CHECKS_CAPTURES_THREATS,"Kg6 allows this concrete reply: White answers Rh6+, checking the king from h6. Rh8 changes the move order; after it, White answers g4, and the continuation reaches a4. The check after Kg6 forces a response, while Rh8 avoids that immediate check. Before starting your plan, look for the opponent's checks and deal with the forcing one first.","Before starting your plan, look for the opponent's checks and deal with the forcing one first.",
a02baa4e819110f7,eligible_positional,pass,avoid_reply_capture,eb050e67-c664-412a-a24e-a3dd4537cb91,22,Rf8,Kg7,Check what the reply can take,TAC_CHANGED_AFTER_MOVE,"Rf8 allows this concrete reply: White answers Nxf6, taking the pawn on f6. Kg7 changes the position first; after it, White answers Bd1, and the continuation reaches Ra2. Only Rf8 gives the immediate capture on f6; Kg7 avoids that version. After choosing a move, scan every opponent capture before judging the move safe.","After choosing a move, scan every opponent capture before judging the move safe.",
dc1c976a67fa9dff,eligible_positional,pass,avoid_reply_capture,a9f06367-e4de-4dde-b3b4-e637c4d54d22,21,b4,f5,Check what the reply can take,TAC_CHANGED_AFTER_MOVE,"b4 allows this concrete reply: White answers Nxf6+, taking the pawn on f6. f5 changes the position first; after it, White answers Nf6+, checking the king from f6. Only b4 gives the immediate capture on f6; f5 avoids that version. After choosing a move, scan every opponent capture before judging the move safe.","After choosing a move, scan every opponent capture before judging the move safe.",
605190b7fd693880,already_decided,not_applicable,rook_file,game_8d547894990d,36,Rc2,Ra3,Put the rook where pawns do not block it,MID_ROOK_OPEN_FILE,"Rc2 moves the rook to c2 instead of placing the rook on the a-file. Ra3 puts the rook on a3, on the open a-file. On a3 the rook has the file available; Rc2 leaves the rook out of that lane. When no tactic is urgent, look for an open or semi-open file for a rook.","When no tactic is urgent, look for an open or semi-open file for a rook.",
23876894e9bdd2af,eligible_positional,pass,avoid_forcing_check,4ed1b17f-3076-4f64-a6d3-414d9a724d81,20,Ba6,Ne6,Answer forcing moves before your plan,TAC_CHECKS_CAPTURES_THREATS,"Ba6 allows this concrete reply: White answers Bg5+, checking the king from g5. Ne6 changes the move order; after it, White answers Bh6, attacking the rook on f8. The check after Ba6 forces a response, while Ne6 avoids that immediate check. Before starting your plan, look for the opponent's checks and deal with the forcing one first.","Before starting your plan, look for the opponent's checks and deal with the forcing one first.",
7dd1612bd910c1ea,already_decided,not_applicable,take_available_piece,2f1814b7-be79-4478-8450-ec731e27f2a8,19,Bf5,gxh6,Take the concrete gain first,TAC_CHECKS_CAPTURES_THREATS,Bf5 moves the bishop to f5 and leaves that capture unused. gxh6 takes the bishop on h6 before moving elsewhere. gxh6 changes the material on the board immediately; Bf5 does not. Check every safe capture before choosing a quiet move; a concrete capture can matter more than slow improvement.,Check every safe capture before choosing a quiet move; a concrete capture can matter more than slow improvement.,
8e52c1c659e14ccc,eligible_positional,pass,compare_replies,2c32f758-a724-4e68-8087-c48c93da0173,30,Kg3,Ba6,Compare the reply before choosing,TAC_CHANGED_AFTER_MOVE,"Kg3 moves the king from h2 to g3; Black answers e2, and the continuation reaches Rb3. Ba6 moves the bishop from b7 to a6; Black answers Bd1, attacking the pawn on f3. The concrete difference is the reply after Kg3 versus the reply after Ba6. Before choosing between quiet moves, calculate the opponent's strongest reply to each one.","Before choosing between quiet moves, calculate the opponent's strongest reply to each one.",
09be62497c4b0ee6,eligible_positional,pass,rook_file,448c16f4-85c5-4ee9-907e-947c0a5c9794,30,Ke4,Rf8+,Put the rook where pawns do not block it,MID_ROOK_OPEN_FILE,"Ke4 moves the king to e4 instead of placing the rook on the f-file. Rf8+ puts the rook on f8, on the open f-file. On f8 the rook has the file available; Ke4 leaves the rook out of that lane. When no tactic is urgent, look for an open or semi-open file for a rook.","When no tactic is urgent, look for an open or semi-open file for a rook.",
35da4cfb6f3d6c21,eligible_positional,pass,recapture_with_lower_value_piece,game_ef33e38bbf78,38,Rxg7+,fxg7,Use the cheaper piece to recapture,TAC_DEFENDER_COUNT,"Rxg7+ uses the more valuable rook from g6 for the same capture. fxg7 uses the pawn from f6 to recapture on g7. Both moves capture on g7, but fxg7 keeps the rook on g6. When two pieces can recapture, compare which piece you want to keep active afterward.","When two pieces can recapture, compare which piece you want to keep active afterward.",
9e4b5c0f3fc62418,eligible_positional,pass,choose_more_valuable_capture,76f68e3f-3b76-4947-b959-eea305ecb504,63,Kxf6,Qxe1,Take the more valuable target,TAC_CHECKS_CAPTURES_THREATS,"Kxf6 takes the pawn on f6 instead. Qxe1 takes the rook on e1. The rook on e1 is the larger immediate target, so Qxe1 comes first. When several captures are legal, compare the value and the reply before choosing one.","When several captures are legal, compare the value and the reply before choosing one.",
b0dab5603bde4df0,eligible_positional,pass,avoid_forcing_check,game_9a0145e36678,26,Ke1,Kg1,Answer forcing moves before your plan,TAC_CHECKS_CAPTURES_THREATS,"Ke1 allows this concrete reply: Black answers Re2+, checking the king from e2. Kg1 changes the move order; after it, Black answers Re8, attacking the bishop on e4. The check after Ke1 forces a response, while Kg1 avoids that immediate check. Before starting your plan, look for the opponent's checks and deal with the forcing one first.","Before starting your plan, look for the opponent's checks and deal with the forcing one first.",
a9d07968afee611e,eligible_positional,pass,rook_file,game_7bdc02d0c35b,30,Kf7,Ref7,Put the rook where pawns do not block it,MID_ROOK_OPEN_FILE,"Kf7 moves the king to f7 instead of placing the rook on the f-file. Ref7 puts the rook on f7, on the open f-file. On f7 the rook has the file available; Kf7 leaves the rook out of that lane. When no tactic is urgent, look for an open or semi-open file for a rook.","When no tactic is urgent, look for an open or semi-open file for a rook.",
89e610b4a2ccdfb8,eligible_positional,pass,avoid_reply_attack,38e54c48-202b-41fa-8599-9e7e53df4d0d,38,Ke4,a5,Do not give the reply a target,TAC_CHANGED_AFTER_MOVE,"Ke4 allows this reply: White answers b4, attacking the pawn on c5. a5 changes the setup; after it, White answers Ke1, and the continuation reaches Ke4. Only Ke4 lets the reply attack the piece on c5; a5 avoids that version. Before settling on a move, check whether the opponent's reply attacks a piece and forces you to respond.","Before settling on a move, check whether the opponent's reply attacks a piece and forces you to respond.",
77ab535cc9e6dca0,eligible_positional,pass,centralize_piece,261718ad-a7dd-4cea-91c7-77fc17761aa7,54,Re6+,Bd5,Move the piece toward the centre,,"Re6+ puts the rook on e6 instead. Bd5 moves the bishop from c4 toward the centre on d5, where it reaches h1, a2, g2. The bishop has central work from d5; Re6+ uses the move on e6. When moves are quiet, prefer the piece whose new square gives it more concrete jobs.","When moves are quiet, prefer the piece whose new square gives it more concrete jobs.",
4188a2b637b61e72,eligible_positional,pass,avoid_reply_capture,38e54c48-202b-41fa-8599-9e7e53df4d0d,36,Kf5,a5,Check what the reply can take,TAC_CHANGED_AFTER_MOVE,"Kf5 allows this concrete reply: White answers hxg5, taking the pawn on g5. a5 changes the position first; after it, White answers Ke4, attacking the pawn on f4. Only Kf5 gives the immediate capture on g5; a5 avoids that version. After choosing a move, scan every opponent capture before judging the move safe.","After choosing a move, scan every opponent capture before judging the move safe.",
d3f63204620b0e1b,eligible_positional,pass,rook_file,1082e4b8-5ac8-416c-b8b8-6533321f2819,31,Re8,Rh3,Put the rook where pawns do not block it,MID_ROOK_OPEN_FILE,"Re8 moves the rook to e8 instead of placing the rook on the h-file. Rh3 puts the rook on h3, on the semi-open h-file. On h3 the rook has the file available; Re8 leaves the rook out of that lane. When no tactic is urgent, look for an open or semi-open file for a rook.","When no tactic is urgent, look for an open or semi-open file for a rook.",
4c1b24a6848e3942,eligible_positional,pass,avoid_reply_attack,1082e4b8-5ac8-416c-b8b8-6533321f2819,42,bxc3,b3+,Do not give the reply a target,TAC_CHANGED_AFTER_MOVE,"bxc3 allows this reply: White answers Rc4, attacking the pawn on c3. b3+ changes the setup; after it, White answers Kb1, and the continuation reaches Rf6. Only bxc3 lets the reply attack the piece on c3; b3+ avoids that version. Before settling on a move, check whether the opponent's reply attacks a piece and forces you to respond.","Before settling on a move, check whether the opponent's reply attacks a piece and forces you to respond.",
7c5b58a186d4fe6c,eligible_positional,pass,create_concrete_threat,game_74fdbd74c468,26,g5,Qd3,Make a threat with a target,TAC_CHECKS_CAPTURES_THREATS,"g5 puts the pawn on g5 without creating that attack. Qd3 puts the queen on d3, attacking the knight on f3. Qd3 gives the opponent a concrete piece to answer on f3; g5 does not. A useful improving move should attack, defend, or create a clear next threat.","A useful improving move should attack, defend, or create a clear next threat.",
098d0bdd10296cc7,eligible_positional,pass,take_available_piece,2f1814b7-be79-4478-8450-ec731e27f2a8,18,Re8,gxh6,Take the concrete gain first,TAC_CHECKS_CAPTURES_THREATS,Re8 moves the rook to e8 and leaves that capture unused. gxh6 takes the bishop on h6 before moving elsewhere. gxh6 changes the material on the board immediately; Re8 does not. Check every safe capture before choosing a quiet move; a concrete capture can matter more than slow improvement.,Check every safe capture before choosing a quiet move; a concrete capture can matter more than slow improvement.,
01703882c4bfe0eb,not_mistake,not_applicable,active_endgame_king,3da52c5e-a938-4b74-a8d2-2cd9ab1f7b86,44,b5,Kg2,Bring the king into the endgame,END_KING_ACTIVE,"b5 puts the pawn on b5 while the king stays farther away. Kg2 brings the king from h3 toward the centre on g2. Kg2 gives the king a direct route to the pawns; b5 spends the move elsewhere. With few pieces left, activate the king before making a move that can wait.","With few pieces left, activate the king before making a move that can wait.",
c72251f317c16409,eligible_positional,pass,compare_replies,b712292f-7981-4a75-98d0-06789b017f20,33,Rf1,Rc1,Compare the reply before choosing,TAC_CHANGED_AFTER_MOVE,"Rf1 moves the rook from a1 to f1; Black answers Rxc3, taking the pawn on c3. Rc1 moves the rook from a1 to c1; Black answers Rxa3, taking the pawn on a3. The concrete difference is the reply after Rf1 versus the reply after Rc1. Before choosing between quiet moves, calculate the opponent's strongest reply to each one.","Before choosing between quiet moves, calculate the opponent's strongest reply to each one.",
530bae51cf3b65e0,eligible_positional,pass,compare_replies,fa707fe8-23d3-489b-9b5e-167de0c3a06e,49,Kf6,Ng3,Compare the reply before choosing,TAC_CHANGED_AFTER_MOVE,"Kf6 moves the king from e7 to f6; White answers Kh2, attacking the pawn on h3. Ng3 moves the knight from e4 to g3; White answers Nd4, attacking the pawn on f5. The concrete difference is the reply after Kf6 versus the reply after Ng3. Before choosing between quiet moves, calculate the opponent's strongest reply to each one.","Before choosing between quiet moves, calculate the opponent's strongest reply to each one.",
2098f1809fde05d2,already_decided,not_applicable,centralize_piece,261718ad-a7dd-4cea-91c7-77fc17761aa7,55,Rg6,Bd5,Move the piece toward the centre,,"Rg6 puts the rook on g6 instead. Bd5 moves the bishop from c4 toward the centre on d5, where it reaches h1, a2, g2. The bishop has central work from d5; Rg6 uses the move on g6. When moves are quiet, prefer the piece whose new square gives it more concrete jobs.","When moves are quiet, prefer the piece whose new square gives it more concrete jobs.",
d95aba942ddfe204,eligible_positional,pass,avoid_reply_capture,game_17fff0c6da6b,13,Qb6,O-O-O,Check what the reply can take,TAC_CHANGED_AFTER_MOVE,"Qb6 allows this concrete reply: White answers Rxf7, taking the pawn on f7. O-O-O changes the position first; after it, White answers Bg4, attacking the bishop on d7. Only Qb6 gives the immediate capture on f7; O-O-O avoids that version. After choosing a move, scan every opponent capture before judging the move safe.","After choosing a move, scan every opponent capture before judging the move safe.",
7995afedcf30429f,eligible_positional,pass,avoid_reply_attack,game_73c3b9efff9c,29,Rd6,Qb7,Do not give the reply a target,TAC_CHANGED_AFTER_MOVE,"Rd6 allows this reply: White answers Qa4, attacking the bishop on a6. Qb7 changes the setup; after it, White answers Qxb7+, taking the queen on b7. Only Rd6 lets the reply attack the piece on a6; Qb7 avoids that version. Before settling on a move, check whether the opponent's reply attacks a piece and forces you to respond.","Before settling on a move, check whether the opponent's reply attacks a piece and forces you to respond.",
78047cb9bd335c22,eligible_positional,pass,rook_file,d51204c6-9056-48b9-a51f-268e45a1dcee,50,Re3,Rc5+,Put the rook where pawns do not block it,MID_ROOK_OPEN_FILE,"Re3 moves the rook to e3 instead of placing the rook on the c-file. Rc5+ puts the rook on c5, on the open c-file. On c5 the rook has the file available; Re3 leaves the rook out of that lane. When no tactic is urgent, look for an open or semi-open file for a rook.","When no tactic is urgent, look for an open or semi-open file for a rook.",
795f778aaebc4707,eligible_positional,pass,create_concrete_threat,game_dbb7db5a44d1,33,Ba6,Be4,Make a threat with a target,TAC_CHECKS_CAPTURES_THREATS,"Ba6 puts the bishop on a6 without creating that attack. Be4 puts the bishop on e4, attacking the pawn on g2. Be4 gives the opponent a concrete piece to answer on g2; Ba6 does not. A useful improving move should attack, defend, or create a clear next threat.","A useful improving move should attack, defend, or create a clear next threat.",
dd662ab4de4e561e,eligible_positional,pass,take_available_piece,909edd3b-90a8-41bc-80db-3592c6fa66e9,20,Rb1,Nxd5,Take the concrete gain first,TAC_CHECKS_CAPTURES_THREATS,Rb1 moves the rook to b1 and leaves that capture unused. Nxd5 takes the pawn on d5 before moving elsewhere. Nxd5 changes the material on the board immediately; Rb1 does not. Check every safe capture before choosing a quiet move; a concrete capture can matter more than slow improvement.,Check every safe capture before choosing a quiet move; a concrete capture can matter more than slow improvement.,
1b89da7ae6f91174,eligible_positional,pass,avoid_forcing_check,80ef39ca-27e5-4c13-a9d9-471c41051e58,44,Rxg6,Rc7+,Answer forcing moves before your plan,TAC_CHECKS_CAPTURES_THREATS,"Rxg6 allows this concrete reply: White answers h4+, checking the king from h4. Rc7+ changes the move order; after it, White answers Kb3, and the continuation reaches Kh6. The check after Rxg6 forces a response, while Rc7+ avoids that immediate check. Before starting your plan, look for the opponent's checks and deal with the forcing one first.","Before starting your plan, look for the opponent's checks and deal with the forcing one first.",
b80300ab4570341a,not_mistake,not_applicable,create_concrete_threat,game_e77fc5863e89,25,Ng4,h6,Make a threat with a target,TAC_CHECKS_CAPTURES_THREATS,"Ng4 puts the knight on g4 without creating that attack. h6 puts the pawn on h6, attacking the knight on g5. h6 gives the opponent a concrete piece to answer on g5; Ng4 does not. A useful improving move should attack, defend, or create a clear next threat.","A useful improving move should attack, defend, or create a clear next threat.",
8329153a724dca65,eligible_positional,pass,avoid_forcing_check,b712292f-7981-4a75-98d0-06789b017f20,31,Nf5,Rc1,Answer forcing moves before your plan,TAC_CHECKS_CAPTURES_THREATS,"Nf5 allows this concrete reply: Black answers Rg2+, checking the king from g2. Rc1 changes the move order; after it, Black answers Kg6, and the continuation reaches c4. The check after Nf5 forces a response, while Rc1 avoids that immediate check. Before starting your plan, look for the opponent's checks and deal with the forcing one first.","Before starting your plan, look for the opponent's checks and deal with the forcing one first.",
55ab35d828a65a6b,eligible_positional,pass,king_approaches_pawn,4495973f-406f-4c9d-aa47-e4f5681f3d42,42,f4,Kg3,Bring the king toward the pawns,END_KING_ACTIVE,"f4 puts the pawn on f4 and leaves the king farther from that pawn. Kg3 moves the king to g3, one step closer to the pawn on h6. Kg3 shortens the king's route to h6; f4 does not. In a reduced position, move the king toward the pawn you need to win or stop.","In a reduced position, move the king toward the pawn you need to win or stop.",
2599d40c3ed8eae1,already_decided,not_applicable,take_available_piece,game_ca1246348b5f,54,Kg3,Rxf6+,Take the concrete gain first,TAC_CHECKS_CAPTURES_THREATS,Kg3 moves the king to g3 and leaves that capture unused. Rxf6+ takes the knight on f6 before moving elsewhere. Rxf6+ changes the material on the board immediately; Kg3 does not. Check every safe capture before choosing a quiet move; a concrete capture can matter more than slow improvement.,Check every safe capture before choosing a quiet move; a concrete capture can matter more than slow improvement.,
6d99ca37b9cdb9c5,eligible_positional,pass,add_defender,game_4177951c757f,21,Re1+,Ne4,Add a defender where it is needed,DEF_MOST_ATTACKED,"Re1+ moves the rook to e1 without adding that defender. Ne4 places the knight on e4, where it adds a defender to the pawn on f2. After Ne4, the pawn on f2 has more support; after Re1+, it does not. When one of your pieces is attacked, count its attackers and defenders before moving elsewhere.","When one of your pieces is attacked, count its attackers and defenders before moving elsewhere.",
ec3e4d9d5f6a8aab,eligible_positional,pass,avoid_reply_attack,game_74fdbd74c468,24,Nxh3+,Qd3,Do not give the reply a target,TAC_CHANGED_AFTER_MOVE,"Nxh3+ allows this reply: White answers Kg2, attacking the knight on h3. Qd3 changes the setup; after it, White answers Qxd3, taking the queen on d3. Only Nxh3+ lets the reply attack the piece on h3; Qd3 avoids that version. Before settling on a move, check whether the opponent's reply attacks a piece and forces you to respond.","Before settling on a move, check whether the opponent's reply attacks a piece and forces you to respond.",
a06c80ab881b9b95,eligible_positional,pass,create_concrete_threat,game_5da7dc72d514,19,Re8,Nd5,Make a threat with a target,TAC_CHECKS_CAPTURES_THREATS,"Re8 puts the rook on e8 without creating that attack. Nd5 puts the knight on d5, attacking the bishop on b4. Nd5 gives the opponent a concrete piece to answer on b4; Re8 does not. A useful improving move should attack, defend, or create a clear next threat.","A useful improving move should attack, defend, or create a clear next threat.",
6bd982c6baceee54,eligible_positional,pass,avoid_reply_capture,f728cbd4-6ab3-484d-bf89-4c028d432488,20,dxe5,d5,Check what the reply can take,TAC_CHANGED_AFTER_MOVE,"dxe5 allows this concrete reply: White answers Rxe5+, taking the pawn on e5. d5 changes the position first; after it, White answers e6, and the continuation reaches a5. Only dxe5 gives the immediate capture on e5; d5 avoids that version. After choosing a move, scan every opponent capture before judging the move safe.","After choosing a move, scan every opponent capture before judging the move safe.",
3182c77f5d3e2f63,eligible_positional,pass,avoid_reply_attack,b712292f-7981-4a75-98d0-06789b017f20,27,Re8+,Ne3,Do not give the reply a target,TAC_CHANGED_AFTER_MOVE,"Re8+ allows this reply: Black answers Kf7, attacking the rook on e8. Ne3 changes the setup; after it, Black answers Rxh2+, taking the pawn on h2. Only Re8+ lets the reply attack the piece on e8; Ne3 avoids that version. Before settling on a move, check whether the opponent's reply attacks a piece and forces you to respond.","Before settling on a move, check whether the opponent's reply attacks a piece and forces you to respond.",
6c51db5fabd93cec,eligible_positional,pass,take_available_piece,448c16f4-85c5-4ee9-907e-947c0a5c9794,20,c4,Rxe5,Take the concrete gain first,TAC_CHECKS_CAPTURES_THREATS,c4 moves the pawn to c4 and leaves that capture unused. Rxe5 takes the rook on e5 before moving elsewhere. Rxe5 changes the material on the board immediately; c4 does not. Check every safe capture before choosing a quiet move; a concrete capture can matter more than slow improvement.,Check every safe capture before choosing a quiet move; a concrete capture can matter more than slow improvement.,
0189d646b0d2f721,eligible_positional,pass,centralize_piece,dfe99af2-e5f4-4bbc-9c52-fffd97082da3,20,Nc8,Nc6,Move the piece toward the centre,,"Nc8 puts the knight on c8 instead. Nc6 moves the knight from e7 toward the centre on c6, where it reaches b4, d4, a5. The knight has central work from c6; Nc8 uses the move on c8. When moves are quiet, prefer the piece whose new square gives it more concrete jobs.","When moves are quiet, prefer the piece whose new square gives it more concrete jobs.",
d7d2b768eb3072b2,already_decided,not_applicable,rook_file,game_665fd66c997a,24,Nxa7,Rxa7,Put the rook where pawns do not block it,MID_ROOK_OPEN_FILE,"Nxa7 moves the knight to a7 instead of placing the rook on the a-file. Rxa7 puts the rook on a7, on the open a-file. On a7 the rook has the file available; Nxa7 leaves the rook out of that lane. When no tactic is urgent, look for an open or semi-open file for a rook.","When no tactic is urgent, look for an open or semi-open file for a rook.",
e9701efdc54d0eed,already_decided,not_applicable,compare_replies,7dfa3fc2-eca0-4409-8f10-31f8e720787c,33,Nd3+,Ne6,Compare the reply before choosing,TAC_CHANGED_AFTER_MOVE,"Nd3+ moves the knight from c5 to d3; White answers Ke2, attacking the knight on d3. Ne6 moves the knight from c5 to e6; White answers Ra4, attacking the pawn on a6. The concrete difference is the reply after Nd3+ versus the reply after Ne6. Before choosing between quiet moves, calculate the opponent's strongest reply to each one.","Before choosing between quiet moves, calculate the opponent's strongest reply to each one.",
fdb1d91cf50f0f27,eligible_positional,pass,avoid_reply_attack,game_5da7dc72d514,17,Ne7,Qb5,Do not give the reply a target,TAC_CHANGED_AFTER_MOVE,"Ne7 allows this reply: White answers Rfe1, attacking the knight on e7. Qb5 changes the setup; after it, White answers Rfe1, and the continuation reaches Qd5. Only Ne7 lets the reply attack the piece on e7; Qb5 avoids that version. Before settling on a move, check whether the opponent's reply attacks a piece and forces you to respond.","Before settling on a move, check whether the opponent's reply attacks a piece and forces you to respond.",
